"19/03/2022","41.786,2","41.768,0","41.998,4","41.529,6","2,07B","0,04%"
"18/03/2022","41.767,8","40.914,6","42.308,4","40.234,8","2,31B","2,08%"
"17/03/2022","40.914,8","41.118,7","41.406,0","40.557,8","1,90B","-0,50%"
"16/03/2022","41.118,7","39.282,5","41.701,6","38.953,2","4,47B","4,67%"
"15/03/2022","39.285,7","39.673,0","39.854,7","38.220,9","2,25B","-0,97%"
"14/03/2022","39.671,1","37.789,5","39.914,3","37.613,6","2,33B","4,97%"
"13/03/2022","38.689,2","38.813,2","39.272,3","38.410,5","1,32B","-0,32%"
"12/03/2022","38.814,3","38.730,2","39.355,3","38.666,5","1,11B","0,22%"
"11/03/2022","38.730,2","39.422,5","40.177,0","38.236,4","2,79B","-1,74%"
"10/03/2022","39.416,3","41.933,9","42.029,1","38.603,5","3,62B","-5,99%"
"09/03/2022","41.929,0","38.731,5","42.538,5","38.663,3","3,60B","8,22%"
"08/03/2022","38.744,8","38.020,6","39.351,5","37.886,6","2,67B","1,89%"
"07/03/2022","38.024,8","38.420,6","39.532,0","37.182,1","3,02B","-0,99%"
"06/03/2022","38.403,1","39.396,3","39.668,1","38.115,0","1,93B","-2,52%"
"05/03/2022","39.395,8","39.142,8","39.600,2","38.626,1","1,50B","0,65%"
"04/03/2022","39.142,7","42.463,0","42.848,7","38.594,9","3,21B","-7,82%"
"03/03/2022","42.463,0","43.912,8","44.077,2","41.840,8","74,11K","-3,30%"
"02/03/2022","43.912,8","44.420,3","45.294,2","43.361,3","80,82K","-1,14%"
"01/03/2022","44.420,3","43.187,2","44.900,5","42.876,6","90,67K","2,85%"
"28/02/2022","43.188,2","37.707,2","43.977,8","37.458,9","108,07K","14,59%"
"27/02/2022","37.689,1","39.116,6","39.838,5","37.062,3","66,14K","-3,65%"
"26/02/2022","39.115,5","39.221,6","40.094,5","38.639,1","41,55K","-0,24%"
"25/02/2022","39.209,6","38.339,2","39.683,7","38.042,6","83,78K","2,27%"
"24/02/2022","35.083,0","37.250,2","37.417,3","34.357,4","133,11K","-5,75%"
"23/02/2022","37.224,6","38.248,2","39.194,5","37.099,5","64,84K","-2,68%"
"22/02/2022","38.248,2","37.018,3","38.414,9","36.399,6","82,75K","3,32%"
"21/02/2022","37.017,7","38.355,0","39.444,1","36.868,9","91,82K","-3,49%"
"20/02/2022","38.355,0","40.089,6","40.120,3","38.042,2","47,92K","-4,33%"
"19/02/2022","40.090,3","40.000,1","40.434,3","39.666,6","25,78K","0,23%"
"18/02/2022","40.000,1","40.532,5","40.935,5","39.505,0","64,96K","-1,36%"
"17/02/2022","40.552,8","43.885,5","44.167,1","40.103,8","72,63K","-7,59%"
"16/02/2022","43.883,6","44.540,9","44.552,9","43.377,6","41,40K","-1,48%"
"15/02/2022","44.544,4","42.550,3","44.722,6","42.460,1","56,34K","4,69%"
"14/02/2022","42.550,3","42.061,1","42.799,7","41.591,3","53,60K","1,16%"
"13/02/2022","42.061,1","42.205,5","42.725,1","41.880,1","25,88K","-0,34%"
"12/02/2022","42.205,2","42.388,4","43.006,4","41.776,8","37,88K","-0,43%"
"11/02/2022","42.388,4","43.519,3","43.915,1","42.023,4","69,95K","-2,60%"
"10/02/2022","43.521,0","44.388,9","45.755,2","43.242,5","89,69K","-1,96%"
"09/02/2022","44.388,9","44.038,2","44.800,4","43.163,0","50,92K","0,80%"
"08/02/2022","44.038,2","43.833,9","45.399,8","42.705,0","92,88K","0,47%"
"07/02/2022","43.833,9","42.385,2","44.468,3","41.695,4","76,60K","3,40%"
"06/02/2022","42.392,2","41.411,9","42.614,8","41.176,3","31,20K","2,37%"
"05/02/2022","41.412,1","41.566,5","41.899,8","40.963,3","46,32K","-0,37%"
"04/02/2022","41.567,6","37.287,8","41.689,0","37.041,1","95,49K","11,48%"
"03/02/2022","37.287,8","36.890,2","37.304,3","36.297,3","50,35K","1,08%"
"02/02/2022","36.890,2","38.711,2","38.853,8","36.682,3","53,74K","-4,70%"
"01/02/2022","38.709,7","38.475,6","39.230,0","38.037,9","55,20K","0,55%"
"31/01/2022","38.498,6","37.923,8","38.701,4","36.672,8","61,27K","1,53%"
"30/01/2022","37.917,7","38.167,5","38.313,3","37.390,6","34,10K","-0,66%"
"29/01/2022","38.170,8","37.736,5","38.663,7","37.350,2","42,77K","1,13%"
"28/01/2022","37.745,1","37.195,6","37.995,9","36.176,5","69,45K","1,56%"
"27/01/2022","37.164,3","36.800,1","37.215,4","35.543,2","83,52K","0,99%"
"26/01/2022","36.800,4","36.962,3","38.862,6","36.280,0","107,87K","-0,41%"
"25/01/2022","36.950,6","36.691,3","37.501,8","35.729,3","79,68K","0,72%"
"24/01/2022","36.686,3","36.268,6","37.424,0","32.985,6","153,77K","1,15%"
"23/01/2022","36.269,5","35.072,9","36.513,0","34.655,2","70,43K","3,40%"
"22/01/2022","35.075,2","36.467,7","36.749,8","34.116,0","138,09K","-3,84%"
"21/01/2022","36.475,5","40.698,1","41.104,6","35.503,9","155,80K","-10,41%"
"20/01/2022","40.715,9","41.683,6","43.487,1","40.568,3","65,28K","-2,31%"
"19/01/2022","41.677,8","42.365,3","42.558,0","41.160,9","53,77K","-1,62%"
"18/01/2022","42.364,6","42.209,9","42.674,2","41.300,7","47,32K","0,37%"
"17/01/2022","42.209,3","43.080,5","43.179,6","41.559,4","41,44K","-2,02%"
"16/01/2022","43.079,1","43.079,2","43.462,0","42.643,3","28,66K","-0,04%"
"15/01/2022","43.097,0","43.073,6","43.777,9","42.586,1","31,44K","0,06%"
"14/01/2022","43.073,3","42.562,2","43.435,1","41.848,7","50,50K","1,21%"
"13/01/2022","42.560,0","43.900,0","44.404,7","42.337,5","53,42K","-3,05%"
"12/01/2022","43.901,0","42.735,0","44.243,6","42.476,7","53,95K","2,73%"
"11/01/2022","42.733,2","41.829,1","43.090,2","41.287,6","61,78K","2,15%"
"10/01/2022","41.832,2","41.848,9","42.243,8","39.697,0","85,50K","-0,04%"
"09/01/2022","41.848,3","41.681,2","42.764,4","41.260,9","37,51K","0,42%"
"08/01/2022","41.672,0","41.551,3","42.304,4","40.574,3","52,54K","0,30%"
"07/01/2022","41.546,7","43.097,9","43.127,7","40.810,0","88,36K","-3,60%"
"06/01/2022","43.097,5","43.431,6","43.772,3","42.481,1","63,08K","-0,76%"
"05/01/2022","43.425,9","45.833,1","47.019,4","42.535,1","83,74K","-5,26%"
"04/01/2022","45.837,3","46.435,7","47.505,4","45.602,1","55,59K","-1,28%"
"03/01/2022","46.430,2","47.293,9","47.556,0","45.704,0","41,06K","-1,86%"
"02/01/2022","47.311,8","47.738,7","47.944,9","46.718,2","27,02K","-0,89%"
"01/01/2022","47.738,0","46.217,5","47.917,6","46.217,5","31,24K","3,29%"
"31/12/2021","46.219,5","47.123,3","48.553,9","45.693,6","58,18K","-1,92%"
"30/12/2021","47.123,3","46.470,7","47.901,4","46.003,0","60,96K","1,42%"
"29/12/2021","46.461,7","47.548,4","48.121,7","46.127,8","63,92K","-2,28%"
"28/12/2021","47.545,2","50.703,4","50.703,8","47.345,7","74,39K","-6,18%"
"27/12/2021","50.678,2","50.783,6","52.016,3","50.459,0","43,90K","-0,20%"
"26/12/2021","50.779,9","50.404,0","51.247,0","49.527,0","32,34K","0,74%"
"25/12/2021","50.406,4","50.789,6","51.140,2","50.196,8","26,67K","-0,75%"
"24/12/2021","50.786,1","50.807,4","51.795,3","50.428,4","45,97K","-0,03%"
"23/12/2021","50.801,0","48.599,6","51.355,6","48.053,4","56,24K","4,53%"
"22/12/2021","48.599,7","48.898,7","49.540,3","48.449,7","40,89K","-0,62%"
"21/12/2021","48.902,0","46.900,1","49.306,1","46.654,0","57,88K","4,28%"
"20/12/2021","46.895,2","46.703,4","47.488,9","45.577,3","57,53K","0,41%"
"19/12/2021","46.704,5","46.855,7","48.270,2","46.438,4","44,05K","-0,32%"
"18/12/2021","46.856,2","46.171,8","47.330,2","45.513,4","36,93K","1,48%"
"17/12/2021","46.172,2","47.630,4","47.997,2","45.523,8","67,50K","-3,06%"
"16/12/2021","47.628,2","48.876,6","49.387,8","47.543,9","48,20K","-2,54%"
"15/12/2021","48.871,5","48.366,2","49.477,9","46.572,6","80,28K","1,04%"
"14/12/2021","48.366,5","46.709,8","48.635,0","46.338,3","62,54K","3,56%"
"13/12/2021","46.703,6","50.075,9","50.196,1","45.848,2","80,37K","-6,74%"
"12/12/2021","50.081,0","49.332,5","50.779,2","48.670,5","40,30K","1,55%"
"11/12/2021","49.314,5","47.138,4","49.487,0","46.834,0","45,23K","4,62%"
"10/12/2021","47.137,2","47.591,7","49.974,8","47.007,1","68,06K","-0,97%"
"09/12/2021","47.596,6","50.477,6","50.790,2","47.341,9","58,69K","-5,70%"
"08/12/2021","50.473,9","50.596,6","51.204,7","48.700,7","55,59K","-0,24%"
"07/12/2021","50.595,2","50.547,4","51.918,6","50.070,9","56,29K","0,07%"
"06/12/2021","50.562,1","49.412,1","50.913,3","47.237,9","89,68K","2,34%"
"05/12/2021","49.405,5","49.196,4","49.689,3","47.797,8","72,03K","0,43%"
"04/12/2021","49.195,2","53.620,7","53.847,2","42.587,8","168,00K","-8,27%"
"03/12/2021","53.631,5","56.495,2","57.543,6","52.008,9","89,20K","-5,07%"
"02/12/2021","56.496,0","57.207,8","57.377,5","55.807,9","54,94K","-1,25%"
"01/12/2021","57.210,3","56.891,7","59.064,3","56.496,5","66,75K","0,58%"
"30/11/2021","56.882,9","57.795,2","59.174,4","55.936,9","73,66K","-1,58%"
"29/11/2021","57.794,8","57.288,1","58.855,2","56.726,7","58,65K","0,88%"
"28/11/2021","57.291,5","54.758,0","57.392,3","53.448,3","49,28K","4,61%"
"27/11/2021","54.765,9","53.747,2","55.280,3","53.654,3","40,71K","1,93%"
"26/11/2021","53.730,9","58.937,3","59.151,1","53.533,5","104,03K","-8,83%"
"25/11/2021","58.935,1","57.167,1","59.387,3","57.029,8","56,79K","3,08%"
"24/11/2021","57.171,7","57.559,4","57.697,4","55.910,6","56,68K","-0,70%"
"23/11/2021","57.573,2","56.304,8","57.855,1","55.542,5","72,48K","2,25%"
"22/11/2021","56.308,8","58.719,7","59.288,3","55.656,8","76,45K","-4,10%"
"21/11/2021","58.714,3","59.724,0","60.002,6","58.528,3","40,98K","-1,68%"
"20/11/2021","59.717,6","58.080,8","59.854,6","57.435,3","44,53K","2,81%"
"19/11/2021","58.083,4","56.908,3","58.335,9","55.626,3","74,44K","1,98%"
"18/11/2021","56.955,3","60.368,2","60.936,9","56.524,4","100,37K","-5,65%"
"17/11/2021","60.367,8","60.074,2","60.814,5","58.531,9","73,93K","0,46%"
"16/11/2021","60.089,1","63.605,1","63.605,6","58.655,9","115,36K","-5,52%"
"15/11/2021","63.597,9","65.514,9","66.311,2","63.439,5","53,53K","-2,92%"
"14/11/2021","65.508,2","64.397,2","65.508,2","63.608,3","33,98K","1,72%"
"13/11/2021","64.398,6","64.133,3","64.906,0","63.381,4","30,34K","0,41%"
"12/11/2021","64.134,5","64.782,6","65.449,7","62.309,7","63,27K","-1,04%"
"11/11/2021","64.806,7","64.922,8","65.583,3","64.121,9","50,37K","-0,19%"
"10/11/2021","64.932,6","66.942,6","68.990,6","62.951,3","96,21K","-2,95%"
"09/11/2021","66.904,4","67.528,7","68.493,3","66.334,9","66,13K","-0,92%"
"08/11/2021","67.527,9","63.276,4","67.763,3","63.276,4","81,08K","6,72%"
"07/11/2021","63.273,2","61.483,8","63.273,2","61.347,2","34,34K","2,91%"
"06/11/2021","61.483,9","60.973,2","61.543,2","60.093,6","34,89K","0,84%"
"05/11/2021","60.974,3","61.411,5","62.560,3","60.742,4","44,46K","-0,71%"
"04/11/2021","61.412,6","62.915,4","63.077,6","60.742,9","49,91K","-2,39%"
"03/11/2021","62.918,5","63.223,5","63.508,6","60.883,0","61,05K","-0,48%"
"02/11/2021","63.221,7","60.912,2","64.256,4","60.651,5","65,26K","3,79%"
"01/11/2021","60.915,3","61.310,1","62.430,1","59.612,7","61,21K","-0,64%"
"31/10/2021","61.309,6","61.842,2","62.393,7","60.005,7","50,06K","-0,86%"
"30/10/2021","61.840,1","62.245,0","62.338,5","60.786,0","40,51K","-0,65%"
"29/10/2021","62.242,8","60.579,9","62.952,2","60.322,2","63,39K","2,74%"
"28/10/2021","60.582,5","58.437,2","62.251,3","58.128,1","88,47K","3,67%"
"27/10/2021","58.438,1","60.312,5","61.452,9","58.112,6","88,11K","-3,11%"
"26/10/2021","60.310,8","63.067,5","63.275,1","59.907,3","57,13K","-4,37%"
"25/10/2021","63.067,0","60.864,3","63.694,8","60.655,8","51,06K","3,62%"
"24/10/2021","60.866,5","61.308,2","61.469,9","59.523,7","42,67K","-0,73%"
"23/10/2021","61.312,5","60.693,2","61.728,7","59.738,3","37,05K","1,03%"
"22/10/2021","60.690,3","62.200,8","63.699,7","60.055,7","75,69K","-2,44%"
"21/10/2021","62.210,2","66.004,6","66.616,9","62.092,1","105,38K","-5,71%"
"20/10/2021","65.979,1","64.276,9","66.967,1","63.543,7","79,87K","2,65%"
"19/10/2021","64.278,5","62.030,2","64.454,0","61.451,0","80,16K","3,58%"
"18/10/2021","62.056,3","61.525,8","62.623,6","60.026,9","80,15K","0,86%"
"17/10/2021","61.527,5","60.865,5","61.651,4","59.143,4","53,39K","1,09%"
"16/10/2021","60.861,1","61.669,2","62.329,2","60.161,9","49,93K","-1,32%"
"15/10/2021","61.672,5","57.348,2","62.892,8","56.874,8","121,48K","7,54%"
"14/10/2021","57.345,8","57.370,4","58.506,5","56.866,8","59,84K","-0,06%"
"13/10/2021","57.380,1","56.014,5","57.697,4","54.314,4","73,62K","2,44%"
"12/10/2021","56.015,9","57.480,6","57.635,7","54.155,4","74,85K","-2,54%"
"11/10/2021","57.477,3","54.686,9","57.814,1","54.457,8","73,84K","5,10%"
"10/10/2021","54.687,7","54.942,5","56.432,2","54.100,8","104,43K","-0,46%"
"09/10/2021","54.942,5","53.924,1","55.430,8","53.711,7","64,65K","1,91%"
"08/10/2021","53.914,7","53.785,5","55.977,9","53.659,3","64,05K","0,24%"
"07/10/2021","53.783,9","55.325,2","55.325,6","53.476,4","75,68K","-2,78%"
"06/10/2021","55.323,2","51.470,0","55.676,1","50.439,5","116,26K","7,49%"
"05/10/2021","51.469,3","49.229,5","51.872,4","49.060,1","76,63K","4,55%"
"04/10/2021","49.227,3","48.200,4","49.481,7","46.958,6","66,92K","2,13%"
"03/10/2021","48.200,1","47.665,4","49.165,2","47.123,0","42,41K","1,12%"
"02/10/2021","47.666,9","48.147,2","48.306,9","47.451,7","39,82K","-1,00%"
"01/10/2021","48.146,0","43.824,4","48.435,2","43.292,9","94,66K","9,86%"
"30/09/2021","43.823,3","41.534,5","44.101,2","41.416,7","64,32K","5,50%"
"29/09/2021","41.536,8","41.023,1","42.571,2","40.815,0","48,21K","1,25%"
"28/09/2021","41.022,3","42.169,9","42.758,8","40.906,4","60,01K","-2,73%"
"27/09/2021","42.172,6","43.200,9","44.293,2","42.143,9","54,12K","-2,39%"
"26/09/2021","43.203,4","42.685,8","43.907,3","40.786,6","69,91K","1,21%"
"25/09/2021","42.686,8","42.818,7","42.959,3","41.714,5","46,35K","-0,31%"
"24/09/2021","42.819,9","44.867,4","45.112,0","40.908,5","128,88K","-4,57%"
"23/09/2021","44.869,2","43.550,7","44.949,8","43.090,1","74,54K","3,03%"
"22/09/2021","43.551,6","40.660,8","43.976,7","40.585,7","93,98K","7,13%"
"21/09/2021","40.651,3","43.012,3","43.619,3","39.646,8","142,55K","-5,18%"
"20/09/2021","42.870,6","47.240,8","47.323,9","42.547,1","77,96K","-9,25%"
"19/09/2021","47.238,7","48.299,9","48.341,9","46.866,6","41,98K","-2,21%"
"18/09/2021","48.306,7","47.283,9","48.761,0","47.070,5","43,64K","2,17%"
"17/09/2021","47.282,8","47.748,2","48.155,9","46.788,8","50,16K","-0,97%"
"16/09/2021","47.748,0","48.132,3","48.480,6","47.040,3","60,91K","-0,80%"
"15/09/2021","48.130,6","47.070,8","48.436,5","46.743,9","63,40K","2,24%"
"14/09/2021","47.077,5","44.950,2","47.247,6","44.718,7","65,33K","4,73%"
"13/09/2021","44.949,5","46.060,8","46.807,7","43.463,2","96,15K","-2,42%"
"12/09/2021","46.062,3","45.162,6","46.386,4","44.755,2","44,52K","1,99%"
"11/09/2021","45.161,9","44.844,9","45.975,6","44.766,6","41,58K","0,71%"
"10/09/2021","44.842,8","46.385,9","47.021,6","44.283,6","75,62K","-3,33%"
"09/09/2021","46.385,6","46.057,6","47.305,7","45.609,0","73,63K","0,70%"
"08/09/2021","46.061,4","46.774,1","47.316,9","44.493,7","100,48K","-1,54%"
"07/09/2021","46.779,6","52.674,2","52.885,3","43.072,4","187,56K","-11,19%"
"06/09/2021","52.672,1","51.769,4","52.726,2","51.002,8","69,46K","1,75%"
"05/09/2021","51.768,6","49.918,7","51.878,2","49.492,4","57,30K","3,71%"
"04/09/2021","49.918,4","49.999,3","50.534,6","49.461,4","48,14K","-0,16%"
"03/09/2021","49.999,0","49.269,5","51.008,8","48.377,3","88,08K","1,47%"
"02/09/2021","49.274,3","48.817,8","50.355,3","48.612,9","80,21K","0,93%"
"01/09/2021","48.819,4","47.129,2","49.121,0","46.533,1","74,38K","3,58%"
"31/08/2021","47.130,4","46.989,1","48.217,0","46.709,3","71,48K","0,29%"
"30/08/2021","46.992,7","48.777,1","48.886,0","46.876,9","61,68K","-3,66%"
"29/08/2021","48.777,4","48.899,7","49.621,7","47.870,1","47,62K","-0,24%"
"28/08/2021","48.897,1","49.062,8","49.289,4","48.428,5","36,73K","-0,34%"
"27/08/2021","49.064,3","46.830,2","49.142,0","46.371,5","62,47K","4,77%"
"26/08/2021","46.831,6","48.994,4","49.347,8","46.360,4","73,79K","-4,41%"
"25/08/2021","48.994,5","47.707,4","49.230,2","47.163,3","63,54K","2,68%"
"24/08/2021","47.714,7","49.532,5","49.847,4","47.623,6","74,26K","-3,68%"
"23/08/2021","49.539,7","49.255,4","50.498,8","49.038,6","75,37K","0,58%"
"22/08/2021","49.254,5","48.870,4","49.480,3","48.151,0","49,32K","0,77%"
"21/08/2021","48.875,8","49.330,0","49.719,1","48.293,5","18,20K","-0,91%"
"20/08/2021","49.324,0","46.756,7","49.343,3","46.646,8","83,19K","5,49%"
"19/08/2021","46.755,9","44.725,9","47.012,3","43.986,7","77,92K","4,54%"
"18/08/2021","44.723,8","44.691,1","46.004,9","44.230,0","22,36K","0,07%"
"17/08/2021","44.691,6","45.907,5","47.140,6","44.441,3","84,14K","-2,84%"
"16/08/2021","45.996,3","46.991,6","48.002,4","45.672,1","2,41K","-2,12%"
"15/08/2021","46.991,3","47.082,6","47.344,1","45.564,1","58,11K","-0,19%"
"14/08/2021","47.081,5","47.809,6","48.090,9","46.117,2","64,29K","-1,52%"
"13/08/2021","47.809,1","44.404,0","47.836,0","44.242,4","75,27K","7,67%"
"12/08/2021","44.403,4","45.562,3","46.213,8","43.814,7","81,07K","-2,55%"
"11/08/2021","45.564,3","45.593,2","46.736,5","45.367,9","75,43K","-0,06%"
"10/08/2021","45.593,8","46.281,8","46.663,4","44.681,2","80,55K","-1,49%"
"09/08/2021","46.284,3","43.794,9","46.460,7","42.824,1","117,08K","5,69%"
"08/08/2021","43.792,8","44.584,9","45.284,1","43.314,4","105,25K","-1,84%"
"07/08/2021","44.614,2","42.784,7","44.697,3","42.611,0","112,84K","4,25%"
"06/08/2021","42.795,4","40.868,4","43.253,4","39.905,4","111,93K","4,72%"
"05/08/2021","40.867,2","39.734,4","41.366,3","37.365,4","130,60K","2,84%"
"04/08/2021","39.736,9","38.188,4","39.956,5","37.556,0","79,22K","4,21%"
"03/08/2021","38.130,3","39.167,4","39.766,6","37.688,2","0,26K","-2,65%"
"02/08/2021","39.168,4","39.869,8","40.449,0","38.692,5","74,81K","-1,78%"
"01/08/2021","39.878,3","41.510,0","42.565,0","39.556,5","80,33K","-4,03%"
"31/07/2021","41.553,7","42.201,4","42.285,3","41.066,4","44,65K","-1,54%"
"30/07/2021","42.203,4","40.001,1","42.264,4","38.358,4","98,45K","5,50%"
"29/07/2021","40.001,4","40.009,0","40.630,7","39.340,8","75,30K","-0,00%"
"28/07/2021","40.003,2","39.450,4","40.862,2","38.883,8","148,92K","1,40%"
"27/07/2021","39.452,0","37.294,3","39.455,9","36.427,4","100,24K","5,84%"
"26/07/2021","37.276,6","35.392,3","40.522,9","35.236,7","177,63K","5,33%"
"25/07/2021","35.391,1","34.392,5","35.391,1","33.881,3","65,10K","4,63%"
"24/07/2021","33.824,8","33.600,5","33.955,0","33.412,9","67,14K","0,66%"
"23/07/2021","33.603,3","32.297,9","33.605,6","32.041,1","66,15K","4,04%"
"22/07/2021","32.298,9","32.131,7","32.585,4","31.729,4","64,87K","0,52%"
"21/07/2021","32.131,4","29.794,7","32.794,6","29.519,3","118,34K","7,85%"
"20/07/2021","29.793,8","30.835,4","31.040,8","29.310,2","97,46K","-3,38%"
"19/07/2021","30.837,2","31.782,9","31.887,0","30.478,2","77,48K","-2,98%"
"18/07/2021","31.785,4","31.517,9","32.408,2","31.220,6","57,01K","0,85%"
"17/07/2021","31.518,6","31.384,4","31.914,8","31.207,8","58,06K","0,40%"
"16/07/2021","31.394,0","31.842,3","32.239,8","31.062,2","70,48K","-1,40%"
"15/07/2021","31.840,5","32.820,5","33.157,0","31.175,8","76,95K","-2,99%"
"14/07/2021","32.820,7","32.727,8","33.051,9","31.611,2","69,56K","0,28%"
"13/07/2021","32.728,1","33.106,1","33.307,7","32.259,5","60,04K","-1,16%"
"12/07/2021","33.113,0","34.228,3","34.598,0","32.662,8","63,24K","-3,26%"
"11/07/2021","34.227,7","33.510,8","34.580,6","33.319,8","35,72K","2,14%"
"10/07/2021","33.510,6","33.797,7","34.221,0","33.056,8","50,94K","-0,85%"
"09/07/2021","33.797,4","32.866,3","34.079,2","32.367,0","67,14K","2,83%"
"08/07/2021","32.866,3","33.859,4","33.923,2","32.146,9","108,09K","-2,96%"
"07/07/2021","33.867,8","34.228,7","35.036,6","33.801,3","72,03K","-1,05%"
"06/07/2021","34.225,6","33.688,5","35.062,0","33.581,7","83,63K","1,60%"
"05/07/2021","33.687,8","35.297,0","35.300,5","33.164,1","88,36K","-4,56%"
"04/07/2021","35.298,2","34.742,8","35.957,6","34.740,1","56,13K","1,60%"
"03/07/2021","34.742,8","33.814,2","34.909,8","33.363,3","55,69K","2,75%"
"02/07/2021","33.813,4","33.542,2","33.925,9","32.734,6","78,93K","0,80%"
"01/07/2021","33.543,6","35.030,7","35.032,7","32.839,2","27,41K","-4,23%"
"30/06/2021","35.026,9","35.832,6","36.089,5","34.126,6","107,07K","-2,25%"
"29/06/2021","35.834,7","34.477,3","36.590,3","34.247,6","97,27K","3,94%"
"28/06/2021","34.475,9","34.682,2","35.231,2","33.944,9","112,00K","-0,58%"
"27/06/2021","34.678,5","32.247,1","34.685,5","32.041,7","148,80K","7,55%"
"26/06/2021","32.243,4","31.592,1","32.643,0","30.206,9","156,67K","2,06%"
"25/06/2021","31.594,0","34.660,5","35.490,9","31.337,9","193,43K","-8,86%"
"24/06/2021","34.665,8","33.678,1","35.249,9","32.356,7","119,25K","2,94%"
"23/06/2021","33.674,3","32.498,3","34.784,3","31.736,5","173,34K","3,62%"
"22/06/2021","32.496,4","31.682,7","33.272,5","28.901,8","309,65K","2,54%"
"21/06/2021","31.692,0","35.597,9","35.708,4","31.284,1","256,87K","-10,97%"
"20/06/2021","35.595,8","35.510,9","36.097,9","33.378,0","137,48K","0,23%"
"19/06/2021","35.513,4","35.770,0","36.357,3","34.845,5","105,46K","-0,66%"
"18/06/2021","35.749,4","38.045,5","38.166,0","35.198,5","102,84K","-6,05%"
"17/06/2021","38.052,0","38.337,8","39.529,9","37.425,3","109,58K","-0,74%"
"16/06/2021","38.336,0","40.148,1","40.494,4","38.156,4","123,52K","-4,53%"
"15/06/2021","40.156,1","40.522,5","41.318,0","39.589,9","117,55K","-0,92%"
"14/06/2021","40.529,4","39.024,1","40.970,4","38.769,9","157,35K","3,86%"
"13/06/2021","39.022,9","35.467,5","39.321,6","34.827,0","123,32K","10,02%"
"12/06/2021","35.467,5","37.334,4","37.437,3","34.703,3","87,73K","-4,95%"
"11/06/2021","37.314,6","36.654,3","37.641,1","36.003,3","109,15K","1,81%"
"10/06/2021","36.649,4","37.375,2","38.340,8","35.824,0","154,32K","-1,83%"
"09/06/2021","37.332,2","33.385,5","37.517,6","32.428,6","209,82K","11,83%"
"08/06/2021","33.382,9","33.574,6","34.047,8","31.158,1","193,54K","-0,58%"
"07/06/2021","33.578,0","35.815,4","36.754,6","33.410,1","119,50K","-6,25%"
"06/06/2021","35.815,4","35.518,7","36.434,0","35.265,3","62,20K","0,83%"
"05/06/2021","35.520,0","36.841,2","37.887,6","34.832,0","101,48K","-3,61%"
"04/06/2021","36.851,3","39.191,4","39.255,4","35.659,9","127,71K","-5,96%"
"03/06/2021","39.187,3","37.555,7","39.462,3","37.193,6","106,44K","4,34%"
"02/06/2021","37.555,8","36.687,7","38.199,9","35.981,1","96,89K","2,37%"
"01/06/2021","36.687,6","37.294,3","37.850,3","35.742,7","113,48K","-1,64%"
"31/05/2021","37.298,6","35.644,0","37.480,7","34.213,2","131,70K","4,62%"
"30/05/2021","35.652,8","34.589,3","36.388,6","33.441,0","104,18K","3,09%"
"29/05/2021","34.584,6","35.664,5","37.227,1","33.664,2","160,43K","-3,02%"
"28/05/2021","35.662,5","38.543,2","38.844,1","34.772,4","199,58K","-7,17%"
"27/05/2021","38.417,3","39.249,0","40.322,2","37.190,8","122,93K","-2,12%"
"26/05/2021","39.249,2","38.375,7","40.750,0","37.847,0","153,80K","2,27%"
"25/05/2021","38.378,3","38.753,6","39.740,8","36.540,7","163,01K","-0,96%"
"24/05/2021","38.750,6","34.720,3","39.851,7","34.474,6","244,88K","11,74%"
"23/05/2021","34.679,7","37.446,8","38.248,7","31.192,4","325,73K","-7,39%"
"22/05/2021","37.448,3","37.291,0","38.776,0","35.314,9","185,83K","0,40%"
"21/05/2021","37.297,4","40.611,2","42.108,3","33.592,3","315,50K","-8,40%"
"20/05/2021","40.717,2","36.706,8","42.425,9","35.010,4","269,75K","10,88%"
"19/05/2021","36.720,5","42.898,3","43.516,6","30.261,7","607,10K","-14,40%"
"18/05/2021","42.897,3","43.538,5","45.770,9","42.293,9","154,96K","-1,48%"
"17/05/2021","43.541,3","46.424,2","46.545,4","42.201,5","274,76K","-6,21%"
"16/05/2021","46.426,4","46.729,3","49.764,3","43.920,8","180,07K","-0,60%"
"15/05/2021","46.708,8","49.839,1","50.640,9","46.650,2","131,91K","-6,28%"
"14/05/2021","49.839,8","49.704,9","51.459,2","48.874,0","118,84K","0,27%"
"13/05/2021","49.704,6","49.398,2","51.337,3","46.331,1","236,71K","0,65%"
"12/05/2021","49.384,2","56.694,5","57.938,5","49.187,0","160,74K","-12,90%"
"11/05/2021","56.695,7","55.846,1","56.871,1","54.550,4","96,47K","1,52%"
"10/05/2021","55.848,9","58.251,2","59.523,9","53.678,3","142,61K","-4,10%"
"09/05/2021","58.238,3","58.840,6","59.227,0","56.414,4","103,59K","-1,02%"
"08/05/2021","58.840,1","57.330,3","59.471,1","56.972,2","101,27K","2,62%"
"07/05/2021","57.337,2","56.411,4","58.639,3","55.300,1","110,01K","1,65%"
"06/05/2021","56.405,4","57.441,0","58.364,9","55.294,5","109,02K","-1,80%"
"05/05/2021","57.441,3","53.872,5","57.936,4","53.872,5","119,82K","6,88%"
"04/05/2021","53.741,5","57.170,6","57.201,3","53.741,5","132,33K","-6,00%"
"03/05/2021","57.169,8","56.605,8","58.925,1","56.562,4","89,24K","1,00%"
"02/05/2021","56.603,8","57.807,2","57.868,4","56.110,5","53,61K","-2,08%"
"01/05/2021","57.807,1","57.719,1","58.449,4","57.029,5","63,41K","0,15%"
"30/04/2021","57.720,3","53.562,3","57.925,6","53.088,7","103,74K","7,77%"
"29/04/2021","53.560,8","54.838,6","55.173,7","52.400,0","83,90K","-2,34%"
"28/04/2021","54.841,4","55.036,0","56.419,9","53.876,4","86,96K","-0,35%"
"27/04/2021","55.036,5","54.011,1","55.427,8","53.345,0","84,08K","1,88%"
"26/04/2021","54.020,5","48.963,5","54.320,9","48.815,9","129,76K","10,33%"
"25/04/2021","48.963,6","50.088,2","50.532,4","47.098,5","59,20K","-2,25%"
"24/04/2021","50.088,9","51.140,8","51.183,0","48.775,2","82,25K","-2,06%"
"23/04/2021","51.143,6","51.707,1","52.099,9","47.659,4","214,46K","-1,13%"
"22/04/2021","51.729,5","53.821,3","55.408,4","50.590,9","168,13K","-3,88%"
"21/04/2021","53.820,2","56.479,5","56.764,4","53.657,6","100,26K","-4,71%"
"20/04/2021","56.483,2","55.645,1","57.054,9","53.422,5","115,49K","1,50%"
"19/04/2021","55.646,1","56.208,1","57.517,0","54.272,3","117,51K","-1,00%"
"18/04/2021","56.207,1","60.043,2","60.362,1","51.817,6","216,81K","-6,39%"
"17/04/2021","60.041,9","61.358,3","62.509,1","59.672,1","84,08K","-2,18%"
"16/04/2021","61.379,7","63.211,6","63.518,5","60.027,3","136,85K","-2,90%"
"15/04/2021","63.216,0","62.978,6","63.729,1","62.067,5","76,97K","0,37%"
"14/04/2021","62.980,4","63.544,2","64.778,0","61.366,3","130,43K","-0,88%"
"13/04/2021","63.540,9","59.863,6","63.659,0","59.839,4","126,56K","6,14%"
"12/04/2021","59.863,8","59.982,1","61.259,9","59.569,2","81,88K","-0,19%"
"11/04/2021","59.978,7","59.772,4","60.667,1","59.250,3","58,20K","0,39%"
"10/04/2021","59.748,4","58.127,4","61.229,0","57.900,0","103,72K","2,80%"
"09/04/2021","58.118,7","58.076,8","58.890,9","57.686,0","59,22K","0,07%"
"08/04/2021","58.077,4","55.948,0","58.136,7","55.721,6","64,78K","3,80%"
"07/04/2021","55.948,7","57.996,3","58.627,7","55.489,3","110,69K","-3,53%"
"06/04/2021","57.996,3","59.169,0","59.487,0","57.403,3","77,15K","-1,69%"
"05/04/2021","58.993,4","58.202,3","59.205,1","56.842,7","54,13K","1,36%"
"04/04/2021","58.199,9","57.059,7","58.464,8","56.470,6","57,21K","2,00%"
"03/04/2021","57.059,9","58.976,8","59.770,5","56.906,7","68,74K","-3,25%"
"02/04/2021","58.977,3","58.718,2","60.134,9","58.466,5","72,37K","0,44%"
"01/04/2021","58.718,3","58.763,2","59.406,5","58.040,7","69,04K","-0,08%"
"31/03/2021","58.763,7","58.771,4","59.795,6","56.991,6","98,06K","-0,01%"
"30/03/2021","58.771,3","57.614,6","59.366,9","57.077,1","86,21K","2,00%"
"29/03/2021","57.616,2","55.764,7","58.392,6","54.951,1","107,91K","3,32%"
"28/03/2021","55.765,2","55.856,9","56.504,2","54.711,3","58,71K","-0,17%"
"27/03/2021","55.862,9","55.033,8","56.531,1","54.010,2","73,87K","1,50%"
"26/03/2021","55.036,1","51.317,4","55.074,1","51.302,0","100,30K","7,24%"
"25/03/2021","51.322,3","52.330,0","53.175,4","50.441,3","143,35K","-1,92%"
"24/03/2021","52.325,4","54.309,1","57.169,4","51.725,4","137,91K","-3,91%"
"23/03/2021","54.452,5","54.117,5","55.813,8","52.992,3","84,84K","0,54%"
"22/03/2021","54.158,3","57.379,3","58.379,9","53.784,2","95,53K","-5,62%"
"21/03/2021","57.383,8","58.097,4","58.583,8","55.583,3","77,47K","-1,22%"
"20/03/2021","58.093,4","58.084,1","59.882,1","57.863,0","67,83K","0,01%"
"19/03/2021","58.088,0","57.645,0","59.448,3","56.305,1","83,98K","0,75%"
"18/03/2021","57.656,0","58.911,8","60.088,0","57.099,6","102,62K","-2,13%"
"17/03/2021","58.913,5","56.892,9","58.933,2","54.253,2","118,26K","3,56%"
"16/03/2021","56.889,7","55.619,5","56.889,7","53.342,6","128,51K","1,97%"
"15/03/2021","55.791,3","59.117,4","60.565,9","55.088,8","117,71K","-5,62%"
"14/03/2021","59.113,7","61.192,7","61.673,7","59.113,7","80,29K","-3,40%"
"13/03/2021","61.195,3","57.267,4","61.795,8","56.118,8","134,64K","6,86%"
"12/03/2021","57.265,1","57.806,2","58.052,3","55.134,5","116,96K","-0,92%"
"11/03/2021","57.799,5","55.851,2","58.135,0","54.351,8","129,63K","3,49%"
"10/03/2021","55.851,9","54.882,7","57.328,7","53.073,6","140,96K","1,77%"
"09/03/2021","54.879,0","52.352,4","54.880,6","51.941,3","114,06K","4,91%"
"08/03/2021","52.311,0","50.988,9","52.384,9","49.338,1","68,14K","2,61%"
"07/03/2021","50.982,3","48.899,0","51.434,1","48.890,6","82,91K","4,35%"
"06/03/2021","48.855,6","48.798,7","49.191,8","47.132,8","66,66K","0,13%"
"05/03/2021","48.792,5","48.363,6","49.429,4","46.370,1","113,64K","0,75%"
"04/03/2021","48.428,0","50.388,0","51.757,7","47.521,8","9,56K","-3,90%"
"03/03/2021","50.395,1","48.422,2","52.567,9","48.159,2","44,93K","4,07%"
"02/03/2021","48.424,2","49.595,6","50.191,9","47.100,6","102,10K","-2,36%"
"01/03/2021","49.595,5","45.160,5","49.774,0","45.008,8","137,52K","9,81%"
"28/02/2021","45.164,0","46.136,0","46.582,0","43.100,6","135,08K","-2,11%"
"27/02/2021","46.136,7","46.333,1","48.335,1","45.059,4","98,75K","-0,45%"
"26/02/2021","46.345,6","46.928,5","48.413,9","44.248,2","189,41K","-1,24%"
"25/02/2021","46.928,5","49.695,9","52.013,8","46.773,7","83,22K","-5,57%"
"24/02/2021","49.697,5","48.911,1","51.311,8","47.031,7","153,75K","1,61%"
"23/02/2021","48.911,2","54.114,1","54.115,0","45.093,8","315,07K","-9,61%"
"22/02/2021","54.111,8","57.437,6","57.480,8","48.353,8","244,95K","-5,78%"
"21/02/2021","57.433,8","55.907,6","58.335,1","55.502,7","87,26K","2,70%"
"20/02/2021","55.923,7","55.922,0","57.523,8","54.124,1","127,85K","0,03%"
"19/02/2021","55.906,6","51.590,1","56.238,5","50.816,8","139,43K","8,38%"
"18/02/2021","51.582,2","52.094,5","52.524,0","50.941,6","94,35K","-0,95%"
"17/02/2021","52.079,2","49.161,3","52.577,7","49.018,1","140,03K","5,92%"
"16/02/2021","49.169,7","47.934,2","50.515,8","47.044,4","141,37K","2,57%"
"15/02/2021","47.936,3","48.611,1","48.936,5","45.786,1","123,18K","-1,45%"
"14/02/2021","48.643,4","47.172,1","49.695,1","47.051,9","106,50K","3,13%"
"13/02/2021","47.168,7","47.373,1","48.097,3","46.270,5","89,42K","-0,43%"
"12/02/2021","47.371,7","47.995,0","48.927,4","46.218,6","133,73K","-1,29%"
"11/02/2021","47.990,7","44.834,8","48.622,1","44.041,1","145,77K","7,04%"
"10/02/2021","44.836,0","46.507,8","47.295,3","43.800,5","151,83K","-3,60%"
"09/02/2021","46.508,6","46.396,4","48.143,5","45.104,7","193,87K","0,24%"
"08/02/2021","46.395,7","38.853,6","46.596,4","38.057,0","248,47K","19,41%"
"07/02/2021","38.852,9","39.228,9","39.691,7","37.381,6","125,37K","-1,03%"
"06/02/2021","39.256,6","38.300,6","40.939,7","38.275,3","156,02K","2,50%"
"05/02/2021","38.297,6","36.976,4","38.303,6","36.640,0","100,60K","3,56%"
"04/02/2021","36.982,1","37.648,9","38.707,9","36.380,8","151,44K","-1,77%"
"03/02/2021","37.646,8","35.486,9","37.646,8","35.401,5","131,03K","6,09%"
"02/02/2021","35.485,2","33.514,0","35.976,1","33.462,4","120,85K","5,88%"
"01/02/2021","33.515,7","33.106,8","34.685,6","32.324,9","126,32K","1,23%"
"31/01/2021","33.108,1","34.281,6","34.348,3","32.189,9","101,92K","-3,43%"
"30/01/2021","34.283,1","34.300,0","34.920,9","32.908,5","128,57K","-0,05%"
"29/01/2021","34.301,8","33.381,7","38.546,0","31.953,3","297,73K","2,78%"
"28/01/2021","33.374,8","30.408,9","33.790,8","29.911,9","167,39K","9,77%"
"27/01/2021","30.404,0","32.499,6","32.545,4","29.290,4","194,35K","-6,46%"
"26/01/2021","32.502,1","32.244,1","32.917,7","30.850,0","139,84K","0,77%"
"25/01/2021","32.252,3","32.244,3","34.854,3","31.967,4","142,43K","0,03%"
"24/01/2021","32.241,3","32.088,5","33.034,8","30.982,9","88,21K","0,47%"
"23/01/2021","32.088,9","32.994,1","33.441,4","31.418,2","100,70K","-2,76%"
"22/01/2021","33.000,5","30.838,7","33.821,2","28.871,2","243,09K","7,00%"
"21/01/2021","30.842,1","35.472,3","35.591,1","30.101,8","253,27K","-13,06%"
"20/01/2021","35.476,3","35.862,1","36.384,4","33.444,5","153,61K","-1,46%"
"19/01/2021","36.002,9","36.630,6","37.821,0","36.001,4","79,11K","-1,67%"
"18/01/2021","36.613,2","35.838,2","37.436,8","34.801,0","111,52K","2,16%"
"17/01/2021","35.839,6","36.020,1","36.801,3","33.883,5","126,82K","-0,50%"
"16/01/2021","36.019,5","36.751,8","37.931,7","35.408,4","137,02K","-2,24%"
"15/01/2021","36.845,8","39.175,7","39.715,0","34.488,7","118,42K","-5,95%"
"14/01/2021","39.175,7","37.383,4","40.054,3","36.772,1","172,40K","4,80%"
"13/01/2021","37.382,2","34.061,2","37.764,6","32.451,9","209,93K","9,70%"
"12/01/2021","34.076,1","35.426,0","36.598,7","32.572,7","241,93K","-4,13%"
"11/01/2021","35.544,3","38.195,3","38.217,2","30.411,6","251,04K","-6,93%"
"10/01/2021","38.192,2","40.149,7","41.362,4","35.141,6","215,78K","-4,88%"
"09/01/2021","40.151,9","40.607,2","41.363,5","38.775,1","128,42K","-1,10%"
"08/01/2021","40.599,3","39.466,4","41.921,7","36.613,4","251,29K","2,89%"
"07/01/2021","39.460,2","36.798,5","40.340,9","36.361,2","249,60K","7,25%"
"06/01/2021","36.793,2","33.999,3","36.934,8","33.408,3","227,56K","8,24%"
"05/01/2021","33.991,5","32.015,4","34.414,7","30.010,5","202,13K","6,15%"
"04/01/2021","32.022,6","33.016,6","33.587,5","28.204,5","255,27K","-2,84%"
"03/01/2021","32.958,9","32.192,9","34.755,9","32.029,6","155,21K","2,38%"
"02/01/2021","32.193,3","29.359,7","33.233,5","29.008,0","240,87K","9,65%"
"01/01/2021","29.359,9","28.951,7","29.627,1","28.712,4","100,90K","1,42%"
"31/12/2020","28.949,4","28.866,8","29.298,8","28.025,0","136,69K","0,28%"
"30/12/2020","28.868,7","27.374,5","28.979,3","27.374,5","159,82K","5,45%"
"29/12/2020","27.376,0","27.065,3","27.390,7","25.902,8","119,57K","1,18%"
"28/12/2020","27.057,8","26.259,2","27.444,9","26.144,3","126,98K","3,03%"
"27/12/2020","26.261,3","26.460,3","28.360,3","25.858,2","231,23K","-0,73%"
"26/12/2020","26.454,4","24.714,7","26.826,0","24.515,1","155,77K","7,15%"
"25/12/2020","24.689,6","23.728,7","24.778,9","23.445,3","2,40K","4,02%"
"24/12/2020","23.736,5","23.253,2","23.783,7","22.737,3","104,59K","2,06%"
"23/12/2020","23.257,9","23.820,8","24.063,7","22.694,7","178,47K","-2,37%"
"22/12/2020","23.823,2","22.730,4","23.825,4","22.388,6","130,75K","4,82%"
"21/12/2020","22.728,5","23.474,1","24.101,9","22.015,5","154,69K","-3,18%"
"20/12/2020","23.474,9","23.843,6","24.280,9","23.098,9","114,09K","-1,55%"
"19/12/2020","23.844,0","23.127,6","24.107,1","22.797,0","133,88K","3,10%"
"18/12/2020","23.127,9","22.823,3","23.272,8","22.361,5","131,80K","1,33%"
"17/12/2020","22.825,4","21.352,3","23.738,0","21.243,1","310,74K","6,90%"
"16/12/2020","21.352,2","19.434,7","21.525,3","19.299,7","199,81K","9,87%"
"15/12/2020","19.434,9","19.273,9","19.556,3","19.076,2","98,39K","0,84%"
"14/12/2020","19.273,8","19.176,4","19.346,5","19.007,0","67,11K","0,51%"
"13/12/2020","19.176,8","18.808,1","19.403,6","18.716,8","82,45K","1,96%"
"12/12/2020","18.808,9","18.026,7","18.936,2","18.025,1","71,37K","4,36%"
"11/12/2020","18.023,6","18.250,5","18.288,3","17.600,1","111,53K","-1,23%"
"10/12/2020","18.247,2","18.546,1","18.551,8","17.926,8","85,31K","-1,61%"
"09/12/2020","18.546,0","18.322,4","18.637,9","17.658,8","129,72K","1,20%"
"08/12/2020","18.326,6","19.170,8","19.288,6","18.229,2","101,41K","-4,40%"
"07/12/2020","19.170,7","19.368,4","19.424,6","18.908,8","61,98K","-1,08%"
"06/12/2020","19.379,9","19.146,0","19.417,1","18.873,0","54,56K","1,22%"
"05/12/2020","19.146,5","18.657,5","19.172,7","18.507,1","59,44K","2,62%"
"04/12/2020","18.658,1","19.431,1","19.529,5","18.610,8","110,63K","-3,99%"
"03/12/2020","19.433,3","19.219,8","19.596,6","18.883,7","99,97K","1,12%"
"02/12/2020","19.218,8","18.767,9","19.335,5","18.346,7","91,92K","2,39%"
"01/12/2020","18.770,7","19.697,8","19.897,4","18.257,0","208,72K","-4,71%"
"30/11/2020","19.698,1","18.186,0","19.831,2","18.186,0","185,59K","8,32%"
"29/11/2020","18.185,5","17.729,7","18.336,3","17.530,4","79,12K","2,57%"
"28/11/2020","17.730,7","17.142,6","17.874,4","16.874,4","95,20K","3,52%"
"27/11/2020","17.127,1","17.160,9","17.450,3","16.481,6","138,80K","-0,20%"
"26/11/2020","17.162,0","18.721,9","18.894,9","16.235,2","312,07K","-8,34%"
"25/11/2020","18.723,0","19.151,5","19.486,7","18.527,7","146,12K","-2,24%"
"24/11/2020","19.152,6","18.394,6","19.416,6","18.074,8","180,79K","4,21%"
"23/11/2020","18.379,6","18.428,1","18.756,8","18.016,0","127,35K","-0,18%"
"22/11/2020","18.412,9","18.689,3","18.751,5","17.644,6","121,76K","-1,47%"
"21/11/2020","18.687,2","18.673,8","18.966,0","18.397,5","108,91K","0,06%"
"20/11/2020","18.675,2","17.805,5","18.811,0","17.758,4","134,42K","4,90%"
"19/11/2020","17.803,5","17.775,1","18.166,0","17.380,1","135,94K","0,16%"
"18/11/2020","17.774,6","17.662,3","18.466,1","17.258,9","233,43K","0,64%"
"17/11/2020","17.662,3","16.715,8","17.845,4","16.562,0","175,87K","5,66%"
"16/11/2020","16.715,8","15.954,1","16.880,7","15.870,7","118,09K","4,78%"
"15/11/2020","15.953,0","16.074,7","16.158,1","15.782,3","58,43K","-0,73%"
"14/11/2020","16.071,0","16.323,1","16.328,2","15.717,7","83,64K","-1,55%"
"13/11/2020","16.324,2","16.293,0","16.474,1","15.973,4","113,75K","0,18%"
"12/11/2020","16.294,7","15.695,8","16.342,7","15.483,5","165,54K","3,82%"
"11/11/2020","15.695,8","15.303,1","15.953,9","15.281,0","119,07K","2,56%"
"10/11/2020","15.303,6","15.328,0","15.465,3","15.096,5","93,36K","-0,15%"
"09/11/2020","15.327,2","15.483,3","15.819,6","14.816,9","165,04K","-1,01%"
"08/11/2020","15.483,7","14.826,6","15.648,3","14.720,7","94,99K","4,42%"
"07/11/2020","14.828,4","15.578,2","15.754,4","14.385,1","160,73K","-4,81%"
"06/11/2020","15.577,9","15.593,9","15.955,2","15.223,5","186,13K","-0,06%"
"05/11/2020","15.587,1","14.145,6","15.739,9","14.099,7","227,49K","10,19%"
"04/11/2020","14.145,6","14.023,0","14.238,8","13.544,4","140,80K","0,90%"
"03/11/2020","14.019,9","13.560,5","14.054,0","13.294,6","108,17K","3,38%"
"02/11/2020","13.561,4","13.759,7","13.828,4","13.214,2","97,76K","-1,44%"
"01/11/2020","13.759,4","13.795,5","13.889,5","13.628,7","51,71K","-0,27%"
"31/10/2020","13.797,3","13.560,2","14.065,4","13.441,7","102,75K","1,75%"
"30/10/2020","13.559,9","13.457,0","13.667,9","13.134,5","108,77K","0,76%"
"29/10/2020","13.457,2","13.278,3","13.640,0","12.982,9","111,23K","1,34%"
"28/10/2020","13.278,9","13.658,3","13.851,7","12.907,6","144,18K","-2,77%"
"27/10/2020","13.657,8","13.061,5","13.782,3","13.050,3","128,64K","4,56%"
"26/10/2020","13.061,6","13.033,0","13.229,7","12.792,4","89,47K","0,23%"
"25/10/2020","13.032,2","13.117,0","13.345,3","12.900,4","59,73K","-0,65%"
"24/10/2020","13.117,2","12.933,6","13.161,5","12.876,4","51,20K","1,42%"
"23/10/2020","12.934,1","12.972,7","13.025,5","12.738,9","73,94K","-0,31%"
"22/10/2020","12.974,6","12.805,5","13.183,9","12.698,2","113,31K","1,30%"
"21/10/2020","12.808,7","11.913,6","13.213,5","11.894,6","197,72K","7,51%"
"20/10/2020","11.913,5","11.753,9","12.029,4","11.685,7","94,59K","1,36%"
"19/10/2020","11.753,4","11.507,1","11.823,3","11.413,9","73,04K","2,14%"
"18/10/2020","11.506,9","11.362,1","11.506,9","11.349,8","31,51K","1,27%"
"17/10/2020","11.362,1","11.321,8","11.402,7","11.274,4","29,86K","0,35%"
"16/10/2020","11.322,0","11.503,2","11.542,2","11.224,6","71,42K","-1,57%"
"15/10/2020","11.503,0","11.421,4","11.590,9","11.276,7","70,84K","0,72%"
"14/10/2020","11.420,4","11.424,4","11.541,0","11.293,5","59,12K","-0,03%"
"13/10/2020","11.423,8","11.533,5","11.558,0","11.315,9","64,67K","-0,95%"
"12/10/2020","11.533,9","11.370,8","11.715,9","11.227,4","84,02K","1,43%"
"11/10/2020","11.371,0","11.295,6","11.439,4","11.277,6","41,06K","0,64%"
"10/10/2020","11.298,4","11.053,5","11.475,0","11.053,1","65,81K","2,21%"
"09/10/2020","11.054,2","10.923,5","11.103,0","10.836,9","70,95K","1,19%"
"08/10/2020","10.924,1","10.670,7","10.948,6","10.549,6","79,78K","2,37%"
"07/10/2020","10.670,9","10.601,0","10.680,1","10.553,3","49,27K","0,64%"
"06/10/2020","10.602,6","10.790,2","10.800,3","10.530,8","69,07K","-1,73%"
"05/10/2020","10.789,5","10.672,5","10.789,6","10.623,4","48,86K","1,09%"
"04/10/2020","10.672,9","10.544,4","10.693,3","10.520,8","31,40K","1,22%"
"03/10/2020","10.544,2","10.572,2","10.597,8","10.501,2","29,10K","-0,27%"
"02/10/2020","10.572,3","10.619,6","10.662,9","10.387,6","77,94K","-0,45%"
"01/10/2020","10.620,5","10.776,6","10.913,7","10.462,7","95,33K","-1,44%"
"30/09/2020","10.776,1","10.843,4","10.847,7","10.667,6","55,55K","-0,60%"
"29/09/2020","10.840,9","10.694,3","10.858,4","10.642,4","59,64K","1,38%"
"28/09/2020","10.693,2","10.776,4","10.946,6","10.685,2","72,29K","-0,77%"
"27/09/2020","10.776,2","10.727,9","10.799,2","10.602,7","40,92K","0,45%"
"26/09/2020","10.727,9","10.688,9","10.793,3","10.650,2","37,85K","0,37%"
"25/09/2020","10.688,8","10.739,9","10.756,0","10.558,9","71,43K","-0,47%"
"24/09/2020","10.739,4","10.238,1","10.787,8","10.201,0","82,95K","4,90%"
"23/09/2020","10.237,3","10.531,5","10.535,4","10.146,6","74,95K","-2,79%"
"22/09/2020","10.531,5","10.419,4","10.570,7","10.361,7","63,52K","1,10%"
"21/09/2020","10.416,8","10.919,9","10.987,2","10.328,5","109,85K","-4,62%"
"20/09/2020","10.921,5","11.081,6","11.081,6","10.772,7","53,39K","-1,45%"
"19/09/2020","11.081,8","10.933,0","11.177,1","10.890,7","51,63K","1,36%"
"18/09/2020","10.933,0","10.941,3","11.029,7","10.818,7","63,48K","-0,08%"
"17/09/2020","10.941,3","10.950,1","11.039,3","10.755,2","77,22K","-0,07%"
"16/09/2020","10.949,5","10.785,2","11.093,3","10.669,2","94,94K","1,52%"
"15/09/2020","10.785,3","10.675,2","10.931,8","10.627,8","91,70K","1,03%"
"14/09/2020","10.675,3","10.332,7","10.744,3","10.264,5","96,64K","3,38%"
"13/09/2020","10.326,0","10.441,7","10.579,6","10.219,4","66,12K","-1,11%"
"12/09/2020","10.441,9","10.390,2","10.476,8","10.275,9","48,49K","0,50%"
"11/09/2020","10.390,2","10.339,8","10.398,8","10.212,6","62,28K","0,49%"
"10/09/2020","10.339,7","10.224,3","10.480,3","10.219,2","88,01K","1,13%"
"09/09/2020","10.224,6","10.126,8","10.343,3","9.984,6","71,37K","0,97%"
"08/09/2020","10.126,6","10.376,9","10.434,4","9.877,1","113,90K","-2,41%"
"07/09/2020","10.376,9","10.296,4","10.400,9","9.887,0","12,40M","0,78%"
"06/09/2020","10.296,4","10.092,2","10.337,7","10.004,7","12,12M","2,02%"
"05/09/2020","10.092,2","10.472,3","10.558,7","9.897,8","14,72M","-3,63%"
"04/09/2020","10.472,5","10.168,7","10.614,2","9.960,3","12,50M","2,99%"
"03/09/2020","10.168,8","11.413,2","11.442,7","10.009,5","9,65M","-10,90%"
"02/09/2020","11.413,3","11.914,4","11.947,5","11.244,9","20,26M","-4,21%"
"01/09/2020","11.914,9","11.644,2","12.045,9","11.544,6","580,69K","2,32%"
"31/08/2020","11.644,2","11.701,1","11.760,2","11.563,8","496,14K","-0,49%"
"30/08/2020","11.702,0","11.468,1","11.704,2","11.462,6","409,36K","2,04%"
"29/08/2020","11.468,1","11.527,8","11.576,8","11.433,5","389,85K","-0,51%"
"28/08/2020","11.527,4","11.327,5","11.539,0","11.281,9","464,94K","1,77%"
"27/08/2020","11.327,4","11.462,3","11.580,3","11.135,3","560,59K","-1,18%"
"26/08/2020","11.462,3","11.324,9","11.533,6","11.254,6","513,06K","1,21%"
"25/08/2020","11.324,8","11.752,9","11.766,9","11.131,0","594,07K","-3,65%"
"24/08/2020","11.753,5","11.641,6","11.824,6","11.587,1","429,13K","0,96%"
"23/08/2020","11.641,6","11.661,1","11.705,4","11.520,8","377,33K","-0,17%"
"22/08/2020","11.661,3","11.529,2","11.677,0","11.382,1","433,98K","1,15%"
"21/08/2020","11.529,2","11.856,9","11.877,4","11.495,6","506,38K","-2,76%"
"20/08/2020","11.856,9","11.751,0","11.881,0","11.672,7","430,93K","0,91%"
"19/08/2020","11.750,2","11.944,4","12.013,2","11.602,6","550,26K","-1,65%"
"18/08/2020","11.947,6","12.283,0","12.381,4","11.842,0","606,79K","-2,73%"
"17/08/2020","12.282,6","11.898,8","12.444,1","11.764,0","628,41K","3,22%"
"16/08/2020","11.899,0","11.845,5","11.922,5","11.688,9","410,81K","0,45%"
"15/08/2020","11.845,3","11.751,1","11.964,0","11.711,5","499,10K","0,80%"
"14/08/2020","11.750,8","11.771,1","11.835,5","11.651,5","435,44K","-0,17%"
"13/08/2020","11.770,9","11.557,2","11.772,9","11.298,4","545,67K","1,85%"
"12/08/2020","11.557,2","11.390,4","11.605,4","11.190,6","549,59K","1,46%"
"11/08/2020","11.390,4","11.889,2","11.931,8","11.146,7","615,90K","-4,19%"
"10/08/2020","11.889,2","11.681,1","12.041,1","11.546,9","564,11K","1,78%"
"09/08/2020","11.681,2","11.764,4","11.792,8","11.527,5","303,00K","-0,71%"
"08/08/2020","11.764,3","11.591,6","11.805,5","11.533,5","317,06K","1,49%"
"07/08/2020","11.592,0","11.757,1","11.901,8","11.352,4","517,00K","-1,40%"
"06/08/2020","11.757,1","11.735,0","11.898,4","11.563,0","554,85K","0,19%"
"05/08/2020","11.735,1","11.184,8","11.771,5","11.114,5","570,83K","4,92%"
"04/08/2020","11.184,7","11.223,8","11.407,8","11.043,0","485,79K","-0,35%"
"03/08/2020","11.224,4","11.066,9","11.461,1","10.981,6","470,24K","1,42%"
"02/08/2020","11.066,8","11.802,6","12.061,1","10.730,7","647,95K","-6,24%"
"01/08/2020","11.803,1","11.333,2","11.847,7","11.226,1","611,47K","4,14%"
"31/07/2020","11.333,4","11.096,5","11.434,8","10.964,6","530,95K","2,14%"
"30/07/2020","11.096,2","11.105,8","11.164,4","10.861,6","501,14K","-0,09%"
"29/07/2020","11.105,9","10.908,4","11.336,5","10.771,8","576,83K","1,81%"
"28/07/2020","10.908,5","10.961,1","11.046,1","10.873,6","658,37K","-1,04%"
"27/07/2020","11.022,8","9.932,7","11.367,0","9.894,6","908,99K","10,98%"
"26/07/2020","9.932,5","9.690,0","10.086,6","9.645,9","415,07K","2,35%"
"25/07/2020","9.704,1","9.546,7","9.729,3","9.536,2","306,29K","1,65%"
"24/07/2020","9.546,4","9.599,2","9.626,2","9.480,5","359,16K","-0,55%"
"23/07/2020","9.599,6","9.513,6","9.646,5","9.451,1","425,66K","0,90%"
"22/07/2020","9.513,7","9.387,4","9.523,1","9.296,0","386,00K","1,35%"
"21/07/2020","9.387,3","9.162,3","9.426,9","9.155,1","458,99K","2,46%"
"20/07/2020","9.162,4","9.208,1","9.218,4","9.139,9","312,98K","-0,50%"
"19/07/2020","9.208,0","9.170,1","9.224,8","9.106,4","265,25K","0,41%"
"18/07/2020","9.170,2","9.155,8","9.198,8","9.126,7","276,40K","0,16%"
"17/07/2020","9.155,8","9.135,4","9.181,9","9.091,5","310,92K","0,22%"
"16/07/2020","9.135,3","9.198,7","9.224,2","9.052,0","429,04K","-0,69%"
"15/07/2020","9.198,7","9.253,6","9.270,2","9.168,7","429,84K","-0,59%"
"14/07/2020","9.253,4","9.243,1","9.274,8","9.135,7","453,83K","0,11%"
"13/07/2020","9.243,6","9.300,5","9.329,6","9.207,6","456,87K","-0,62%"
"12/07/2020","9.300,8","9.234,2","9.337,8","9.170,4","366,88K","0,73%"
"11/07/2020","9.233,3","9.285,8","9.295,5","9.184,2","353,92K","-0,56%"
"10/07/2020","9.285,1","9.239,0","9.309,8","9.131,9","418,47K","0,53%"
"09/07/2020","9.235,7","9.430,1","9.434,5","9.176,0","444,27K","-2,06%"
"08/07/2020","9.429,9","9.256,3","9.458,3","9.233,1","509,94K","1,88%"
"07/07/2020","9.256,0","9.338,8","9.371,2","9.209,3","420,55K","-0,89%"
"06/07/2020","9.339,0","9.080,4","9.363,0","9.063,2","510,27K","2,84%"
"05/07/2020","9.081,0","9.134,3","9.149,6","8.932,1","314,10K","-0,58%"
"04/07/2020","9.134,4","9.067,1","9.182,3","9.049,6","261,25K","0,74%"
"03/07/2020","9.067,1","9.085,0","9.120,4","9.050,9","333,88K","-0,20%"
"02/07/2020","9.085,1","9.229,9","9.259,7","8.962,1","483,10K","-1,57%"
"01/07/2020","9.229,9","9.135,9","9.289,0","9.101,1","366,78K","1,03%"
"30/06/2020","9.135,4","9.186,0","9.199,8","9.075,3","381,73K","-0,54%"
"29/06/2020","9.185,4","9.122,8","9.229,1","9.033,6","401,12K","0,67%"
"28/06/2020","9.124,0","9.008,4","9.185,5","8.950,2","329,01K","1,28%"
"27/06/2020","9.008,3","9.160,5","9.190,5","8.865,3","441,93K","-1,66%"
"26/06/2020","9.160,0","9.247,5","9.296,5","9.060,1","489,84K","-0,95%"
"25/06/2020","9.247,5","9.300,8","9.327,3","9.022,6","524,45K","-0,59%"
"24/06/2020","9.302,0","9.624,6","9.667,4","9.223,0","515,78K","-3,35%"
"23/06/2020","9.624,6","9.683,9","9.715,6","9.581,8","375,49K","-0,61%"
"22/06/2020","9.683,7","9.296,5","9.751,9","9.285,8","523,32K","4,17%"
"21/06/2020","9.296,4","9.358,8","9.411,2","9.288,5","335,99K","-0,67%"
"20/06/2020","9.358,8","9.314,0","9.394,5","9.199,8","383,44K","0,48%"
"19/06/2020","9.314,0","9.390,3","9.424,0","9.249,6","478,49K","-0,79%"
"18/06/2020","9.388,1","9.464,6","9.480,4","9.289,3","391,67K","-0,81%"
"17/06/2020","9.464,6","9.523,6","9.543,6","9.258,2","446,45K","-0,62%"
"16/06/2020","9.523,5","9.425,6","9.577,1","9.379,3","545,47K","1,04%"
"15/06/2020","9.425,4","9.345,5","9.489,7","8.925,6","750,90K","0,86%"
"14/06/2020","9.345,3","9.470,7","9.474,7","9.264,4","311,27K","-1,33%"
"13/06/2020","9.471,3","9.466,5","9.484,9","9.369,9","364,97K","0,05%"
"12/06/2020","9.466,6","9.283,7","9.547,5","9.249,4","529,28K","1,97%"
"11/06/2020","9.283,2","9.878,9","9.945,2","9.139,1","919,30K","-6,03%"
"10/06/2020","9.878,8","9.768,8","9.970,9","9.710,7","533,55K","1,13%"
"09/06/2020","9.768,8","9.777,7","9.857,2","9.616,6","479,55K","-0,09%"
"08/06/2020","9.777,9","9.743,4","9.788,2","9.662,3","431,04K","0,36%"
"07/06/2020","9.742,6","9.669,6","9.791,8","9.417,4","549,20K","0,76%"
"06/06/2020","9.669,6","9.630,8","9.733,1","9.549,5","370,85K","0,40%"
"05/06/2020","9.631,2","9.794,0","9.846,1","9.628,7","527,05K","-1,67%"
"04/06/2020","9.794,4","9.667,2","9.864,4","9.490,9","593,66K","1,32%"
"03/06/2020","9.667,2","9.527,0","9.667,2","9.421,7","558,12K","1,47%"
"02/06/2020","9.527,6","10.190,7","10.207,3","9.347,3","1,06M","-6,49%"
"01/06/2020","10.189,3","9.454,5","10.301,8","9.429,7","796,68K","7,77%"
"31/05/2020","9.454,8","9.692,9","9.695,6","9.406,2","645,27K","-2,45%"
"30/05/2020","9.692,5","9.424,8","9.729,9","9.352,7","720,62K","2,84%"
"29/05/2020","9.424,8","9.573,4","9.596,5","9.358,1","814,33K","-1,54%"
"28/05/2020","9.572,2","9.199,8","9.610,8","9.119,2","948,86K","4,06%"
"27/05/2020","9.199,1","8.842,3","9.210,9","8.818,6","810,89K","4,03%"
"26/05/2020","8.842,5","8.897,7","8.994,6","8.713,9","784,92K","-0,63%"
"25/05/2020","8.898,2","8.728,0","8.959,5","8.666,1","941,89K","1,95%"
"24/05/2020","8.728,2","9.177,9","9.292,0","8.724,1","1,11M","-4,89%"
"23/05/2020","9.177,0","9.169,8","9.303,2","9.098,9","812,56K","0,08%"
"22/05/2020","9.169,7","9.058,2","9.253,5","8.952,1","914,59K","1,22%"
"21/05/2020","9.059,0","9.511,6","9.567,1","8.833,6","1,41M","-4,76%"
"20/05/2020","9.512,3","9.773,0","9.829,3","9.368,4","1,15M","-2,67%"
"19/05/2020","9.773,3","9.730,8","9.883,9","9.498,7","1,16M","0,44%"
"18/05/2020","9.730,7","9.678,4","9.930,2","9.524,4","1,18M","0,55%"
"17/05/2020","9.677,7","9.376,6","9.866,0","9.327,8","1,18M","3,18%"
"16/05/2020","9.379,5","9.318,1","9.579,0","9.233,0","1,10M","0,66%"
"15/05/2020","9.318,0","9.778,6","9.819,6","9.223,2","1,56M","-4,71%"
"14/05/2020","9.778,4","9.298,7","9.887,5","9.265,8","1,77M","5,16%"
"13/05/2020","9.298,7","8.813,9","9.384,6","8.799,1","1,50M","5,50%"
"12/05/2020","8.813,8","8.569,8","8.964,5","8.542,8","1,35M","2,73%"
"11/05/2020","8.579,8","8.737,6","9.129,6","8.235,6","2,29M","-1,82%"
"10/05/2020","8.738,8","9.553,9","9.569,4","8.259,3","2,47M","-8,54%"
"09/05/2020","9.554,6","9.806,0","9.910,5","9.533,6","1,49M","-2,57%"
"08/05/2020","9.806,2","9.980,1","10.018,2","9.731,4","1,42M","-1,74%"
"07/05/2020","9.979,8","9.152,7","10.033,0","9.064,8","1,91M","9,05%"
"06/05/2020","9.151,4","9.000,6","9.373,7","8.923,6","1,62M","1,67%"
"05/05/2020","9.001,0","8.874,2","9.078,7","8.800,4","1,05M","1,42%"
"04/05/2020","8.874,7","8.885,5","8.945,5","8.553,2","1,12M","-0,12%"
"03/05/2020","8.885,5","8.966,2","9.169,9","8.742,2","1,15M","-0,90%"
"02/05/2020","8.966,3","8.821,6","8.986,2","8.771,3","890,34K","1,64%"
"01/05/2020","8.821,6","8.628,6","9.040,3","8.621,0","1,11M","2,23%"
"30/04/2020","8.629,0","8.770,6","9.437,5","8.425,5","2,04M","-1,62%"
"29/04/2020","8.770,9","7.746,7","8.918,5","7.729,7","1,83M","13,22%"
"28/04/2020","7.746,9","7.766,0","7.770,1","7.655,3","808,09K","-0,25%"
"27/04/2020","7.766,0","7.679,4","7.768,5","7.637,7","980,50K","1,13%"
"26/04/2020","7.678,9","7.540,4","7.679,4","7.520,5","921,59K","1,84%"
"25/04/2020","7.540,4","7.503,9","7.684,6","7.451,0","861,93K","0,49%"
"24/04/2020","7.503,8","7.491,3","7.583,5","7.423,5","951,95K","0,20%"
"23/04/2020","7.488,5","7.112,8","7.655,4","7.036,5","1,34M","5,28%"
"22/04/2020","7.112,9","6.842,5","7.137,4","6.821,8","914,18K","3,95%"
"21/04/2020","6.842,5","6.833,4","6.919,3","6.774,3","892,57K","0,13%"
"20/04/2020","6.833,5","7.122,9","7.207,5","6.771,2","1,26M","-4,06%"
"19/04/2020","7.122,9","7.230,9","7.238,0","7.079,1","5,93M","-1,49%"
"18/04/2020","7.230,8","7.035,9","7.259,4","7.031,5","796,45K","2,77%"
"17/04/2020","7.035,8","7.085,5","7.142,8","7.005,8","810,10K","-0,70%"
"16/04/2020","7.085,6","6.629,1","7.159,7","6.520,5","1,54M","6,89%"
"15/04/2020","6.629,1","6.851,3","6.929,5","6.615,9","1,00M","-3,24%"
"14/04/2020","6.850,9","6.841,8","6.970,8","6.768,6","999,53K","0,14%"
"13/04/2020","6.841,3","6.918,1","6.920,3","6.618,5","1,25M","-1,10%"
"12/04/2020","6.917,6","6.867,9","7.158,8","6.785,1","1,10M","0,73%"
"11/04/2020","6.867,8","6.862,7","6.931,4","6.765,1","845,58K","0,07%"
"10/04/2020","6.863,1","7.289,0","7.294,4","6.756,1","1,37M","-5,84%"
"09/04/2020","7.289,0","7.361,1","7.361,1","7.140,3","963,55K","-0,98%"
"08/04/2020","7.361,2","7.185,6","7.396,1","7.153,1","983,94K","2,45%"
"07/04/2020","7.185,2","7.332,3","7.440,3","7.101,7","1,32M","-2,01%"
"06/04/2020","7.332,3","6.772,8","7.335,0","6.770,1","1,53M","8,26%"
"05/04/2020","6.772,7","6.857,5","6.889,4","6.686,0","842,33K","-1,23%"
"04/04/2020","6.857,4","6.735,9","6.958,6","6.679,1","1,05M","1,80%"
"03/04/2020","6.735,9","6.799,9","7.026,3","6.623,6","1,35M","-0,95%"
"02/04/2020","6.800,5","6.638,8","7.182,7","6.567,9","1,74M","2,44%"
"01/04/2020","6.638,5","6.412,4","6.661,3","6.157,4","1,40M","3,52%"
"31/03/2020","6.412,5","6.391,1","6.513,1","6.346,3","1,05M","0,34%"
"30/03/2020","6.391,0","5.890,4","6.576,5","5.872,5","1,43M","8,50%"
"29/03/2020","5.890,4","6.233,2","6.258,8","5.889,3","916,17K","-5,51%"
"28/03/2020","6.233,7","6.373,4","6.374,3","6.046,5","1,26M","-2,19%"
"27/03/2020","6.373,4","6.725,5","6.813,7","6.322,3","1,16M","-5,23%"
"26/03/2020","6.725,1","6.677,9","6.772,9","6.541,7","1,18M","0,69%"
"25/03/2020","6.678,9","6.744,8","6.930,2","6.474,6","1,52M","-0,97%"
"24/03/2020","6.744,6","6.468,8","6.814,2","6.380,8","1,73M","4,26%"
"23/03/2020","6.468,9","5.822,0","6.564,7","5.710,8","1,88M","11,11%"
"22/03/2020","5.822,1","6.186,9","6.394,4","5.771,2","1,48M","-5,89%"
"21/03/2020","6.186,2","6.205,6","6.438,3","5.887,0","1,64M","-0,31%"
"20/03/2020","6.205,3","6.171,6","6.858,1","5.748,2","2,22M","0,54%"
"19/03/2020","6.172,0","5.359,2","6.379,5","5.256,0","2,18M","15,12%"
"18/03/2020","5.361,4","5.260,7","5.373,1","5.020,9","1,80M","1,91%"
"17/03/2020","5.261,1","5.030,2","5.432,8","4.946,5","1,89M","4,59%"
"16/03/2020","5.030,0","5.366,4","5.369,3","4.477,7","2,55M","-6,27%"
"15/03/2020","5.366,3","5.182,9","5.863,3","5.120,6","1,61M","3,54%"
"14/03/2020","5.182,7","5.589,4","5.634,9","5.072,2","1,69M","-7,19%"
"13/03/2020","5.584,3","4.815,2","5.934,3","3.869,5","4,17M","15,71%"
"12/03/2020","4.826,0","7.935,2","7.963,1","4.546,6","3,22M","-39,18%"
"11/03/2020","7.935,1","7.892,1","7.976,5","7.606,0","1,10M","0,56%"
"10/03/2020","7.891,2","7.933,0","8.145,5","7.740,2","1,20M","-0,53%"
"09/03/2020","7.933,0","8.035,8","8.158,8","7.648,7","1,54M","-1,26%"
"08/03/2020","8.034,1","8.887,8","8.888,0","8.015,3","1,11M","-9,61%"
"07/03/2020","8.887,8","9.134,2","9.180,8","8.848,7","750,65K","-2,70%"
"06/03/2020","9.134,8","9.060,6","9.165,2","9.004,9","1,04M","0,82%"
"05/03/2020","9.060,3","8.757,9","9.147,3","8.751,5","950,76K","3,45%"
"04/03/2020","8.757,9","8.761,3","8.840,3","8.679,7","759,69K","-0,04%"
"03/03/2020","8.761,4","8.906,1","8.911,7","8.669,3","1,01M","-1,61%"
"02/03/2020","8.904,8","8.537,5","8.961,8","8.503,1","1,02M","4,27%"
"01/03/2020","8.540,0","8.543,8","8.737,2","8.437,2","784,05K","-0,04%"
"29/02/2020","8.543,7","8.697,1","8.793,7","8.539,8","683,44K","-1,77%"
"28/02/2020","8.697,5","8.820,1","8.898,7","8.451,9","1,08M","-1,37%"
"27/02/2020","8.818,6","8.800,1","8.968,3","8.538,5","1,13M","0,21%"
"26/02/2020","8.800,3","9.317,1","9.368,1","8.672,0","1,32M","-5,55%"
"25/02/2020","9.317,2","9.662,6","9.672,3","9.269,8","937,97K","-3,57%"
"24/02/2020","9.662,7","9.943,2","9.981,0","9.507,0","980,00K","-2,82%"
"23/02/2020","9.942,7","9.655,6","9.965,6","9.653,4","775,88K","2,97%"
"22/02/2020","9.655,7","9.684,5","9.706,5","9.569,8","589,88K","-0,30%"
"21/02/2020","9.684,5","9.602,2","9.747,1","9.574,5","716,61K","0,85%"
"20/02/2020","9.602,4","9.611,9","9.681,4","9.448,9","870,80K","-0,07%"
"19/02/2020","9.609,4","10.158,6","10.230,9","9.424,3","905,95K","-5,40%"
"18/02/2020","10.158,4","9.701,5","10.230,1","9.601,6","945,91K","4,71%"
"17/02/2020","9.701,4","9.931,7","9.951,5","9.468,9","961,88K","-2,32%"
"16/02/2020","9.932,3","9.907,4","10.056,4","9.654,9","808,91K","0,25%"
"15/02/2020","9.907,7","10.336,0","10.369,8","9.831,7","808,81K","-4,12%"
"14/02/2020","10.333,0","10.235,5","10.372,4","10.125,2","732,51K","0,96%"
"13/02/2020","10.235,1","10.321,9","10.482,6","10.116,9","940,30K","-0,80%"
"12/02/2020","10.317,7","10.229,3","10.435,6","10.229,3","803,25K","0,86%"
"11/02/2020","10.229,5","9.854,0","10.314,1","9.725,1","791,28K","3,81%"
"10/02/2020","9.854,1","10.151,5","10.181,7","9.774,8","781,22K","-2,93%"
"09/02/2020","10.151,5","9.895,4","10.157,1","9.882,7","617,35K","2,59%"
"08/02/2020","9.895,5","9.817,3","9.931,2","9.673,2","551,31K","0,78%"
"07/02/2020","9.818,6","9.771,9","9.872,5","9.738,7","608,96K","0,48%"
"06/02/2020","9.772,0","9.611,8","9.854,9","9.536,1","778,67K","1,67%"
"05/02/2020","9.611,8","9.194,1","9.726,8","9.179,9","771,46K","4,54%"
"04/02/2020","9.193,9","9.296,5","9.347,5","9.193,9","651,68K","-1,10%"
"03/02/2020","9.296,6","9.334,6","9.582,8","9.243,1","701,39K","-0,41%"
"02/02/2020","9.334,9","9.381,5","9.465,4","9.183,1","683,37K","-0,50%"
"01/02/2020","9.381,6","9.349,3","9.458,8","9.301,5","458,42K","0,35%"
"31/01/2020","9.349,1","9.508,3","9.525,0","9.222,3","633,37K","-1,66%"
"30/01/2020","9.507,3","9.299,1","9.569,0","9.209,2","765,21K","2,24%"
"29/01/2020","9.298,9","9.377,3","9.428,7","9.250,9","749,88K","-0,84%"
"28/01/2020","9.377,3","8.866,6","9.389,5","8.866,6","954,20K","5,76%"
"27/01/2020","8.866,6","8.608,1","8.983,1","8.585,6","706,45K","3,01%"
"26/01/2020","8.607,8","8.341,6","8.607,8","8.304,9","468,34K","3,19%"
"25/01/2020","8.341,6","8.439,9","8.447,6","8.277,2","444,00K","-1,17%"
"24/01/2020","8.439,9","8.404,9","8.522,0","8.242,6","617,02K","0,41%"
"23/01/2020","8.405,1","8.678,5","8.687,3","8.309,6","722,67K","-3,15%"
"22/01/2020","8.678,5","8.733,0","8.805,4","8.610,8","509,06K","-0,62%"
"21/01/2020","8.732,6","8.642,0","8.770,3","8.524,0","540,20K","1,05%"
"20/01/2020","8.641,9","8.705,7","8.740,1","8.539,2","599,06K","-0,74%"
"19/01/2020","8.706,2","8.916,3","9.183,7","8.552,8","975,01K","-2,36%"
"18/01/2020","8.916,3","8.913,0","8.982,3","8.814,6","627,74K","0,04%"
"17/01/2020","8.913,1","8.726,7","9.005,1","8.675,9","794,11K","2,13%"
"16/01/2020","8.726,9","8.818,1","8.850,0","8.605,8","748,32K","-1,04%"
"15/01/2020","8.818,3","8.827,9","8.904,0","8.615,5","1,17M","-0,12%"
"14/01/2020","8.829,2","8.111,2","8.898,7","8.111,2","1,48M","8,85%"
"13/01/2020","8.111,4","8.188,3","8.196,7","8.068,4","610,66K","-0,93%"
"12/01/2020","8.187,6","8.023,3","8.189,9","7.973,1","595,22K","2,04%"
"11/01/2020","8.024,1","8.187,8","8.262,9","8.008,4","776,75K","-1,99%"
"10/01/2020","8.187,1","7.842,5","8.187,4","7.697,7","1,05M","4,40%"
"09/01/2020","7.842,4","8.060,0","8.065,9","7.779,2","786,50K","-2,70%"
"08/01/2020","8.059,6","8.154,2","8.436,4","7.900,8","1,19M","-1,18%"
"07/01/2020","8.155,7","7.759,1","8.182,0","7.754,1","1,01M","5,11%"
"06/01/2020","7.759,1","7.372,6","7.783,1","7.366,7","786,75K","5,24%"
"05/01/2020","7.372,5","7.376,8","7.501,0","7.345,6","628,14K","-0,06%"
"04/01/2020","7.376,8","7.345,1","7.433,1","7.291,4","523,91K","0,46%"
"03/01/2020","7.343,1","6.967,1","7.402,9","6.884,1","936,29K","5,40%"
"02/01/2020","6.967,0","7.199,7","7.209,6","6.901,4","632,78K","-3,23%"
"01/01/2020","7.199,8","7.196,4","7.259,4","7.180,0","420,28K","0,05%"
"31/12/2019","7.196,4","7.261,5","7.331,0","7.167,4","586,60K","-0,90%"
"30/12/2019","7.261,8","7.397,5","7.420,9","7.244,1","606,11K","-1,84%"
"29/12/2019","7.397,5","7.321,6","7.518,9","7.303,0","611,69K","1,04%"
"28/12/2019","7.321,5","7.261,9","7.375,9","7.256,5","610,96K","0,82%"
"27/12/2019","7.261,7","7.210,8","7.293,8","7.128,5","718,07K","0,70%"
"26/12/2019","7.210,9","7.225,0","7.414,3","7.177,3","795,09K","-0,19%"
"25/12/2019","7.224,8","7.268,3","7.542,4","7.150,9","625,41K","-0,60%"
"24/12/2019","7.268,3","7.322,4","7.433,2","7.185,7","785,54K","-0,74%"
"23/12/2019","7.322,8","7.496,2","7.684,0","7.276,2","952,16K","-2,31%"
"22/12/2019","7.495,8","7.156,3","7.501,1","7.142,0","677,94K","4,74%"
"21/12/2019","7.156,2","7.196,4","7.197,6","7.129,6","468,74K","-0,56%"
"20/12/2019","7.196,4","7.165,5","7.218,4","7.107,7","627,04K","0,43%"
"19/12/2019","7.165,5","7.276,4","7.354,0","7.039,3","778,72K","-1,52%"
"18/12/2019","7.276,0","6.613,5","7.387,7","6.462,2","1,14M","10,02%"
"17/12/2019","6.613,3","6.903,5","6.943,5","6.575,0","894,55K","-4,20%"
"16/12/2019","6.903,5","7.128,5","7.153,1","6.864,6","689,56K","-3,16%"
"15/12/2019","7.128,5","7.080,8","7.175,8","7.033,8","492,58K","0,67%"
"14/12/2019","7.080,8","7.255,2","7.267,4","7.043,3","524,56K","-2,40%"
"13/12/2019","7.255,2","7.208,4","7.288,0","7.200,3","503,49K","0,65%"
"12/12/2019","7.208,0","7.208,0","7.272,4","7.124,6","611,80K","0,00%"
"11/12/2019","7.208,0","7.235,8","7.284,4","7.168,8","518,40K","-0,38%"
"10/12/2019","7.235,7","7.356,2","7.400,3","7.192,1","609,50K","-1,63%"
"09/12/2019","7.355,8","7.524,8","7.626,0","7.321,6","648,66K","-2,24%"
"08/12/2019","7.524,4","7.510,8","7.576,4","7.416,7","499,04K","0,18%"
"07/12/2019","7.510,9","7.530,4","7.595,7","7.489,6","557,14K","-0,26%"
"06/12/2019","7.530,8","7.399,2","7.552,1","7.329,8","706,10K","1,78%"
"05/12/2019","7.399,2","7.204,6","7.476,3","7.184,0","780,78K","2,70%"
"04/12/2019","7.204,4","7.291,9","7.702,2","7.113,6","971,75K","-1,20%"
"03/12/2019","7.291,8","7.298,1","7.389,4","7.227,1","548,77K","-0,09%"
"02/12/2019","7.298,2","7.395,9","7.433,8","7.173,6","687,78K","-1,33%"
"01/12/2019","7.396,4","7.546,5","7.546,5","7.244,4","777,00K","-1,99%"
"30/11/2019","7.546,6","7.742,7","7.787,7","7.472,7","650,60K","-2,53%"
"29/11/2019","7.742,7","7.426,6","7.825,3","7.412,3","766,71K","4,26%"
"28/11/2019","7.426,7","7.510,6","7.639,5","7.380,6","737,58K","-1,12%"
"27/11/2019","7.510,6","7.162,8","7.636,9","6.875,4","996,49K","4,86%"
"26/11/2019","7.162,8","7.115,5","7.329,5","7.045,1","844,27K","0,66%"
"25/11/2019","7.115,6","6.924,7","7.352,8","6.534,8","1,29M","2,76%"
"24/11/2019","6.924,7","7.325,0","7.344,1","6.894,9","904,50K","-5,45%"
"23/11/2019","7.324,1","7.271,6","7.342,5","7.093,7","783,18K","0,71%"
"22/11/2019","7.272,5","7.627,9","7.700,9","6.818,5","1,41M","-4,66%"
"21/11/2019","7.627,9","8.099,4","8.129,6","7.519,7","891,50K","-5,82%"
"20/11/2019","8.099,3","8.145,7","8.223,0","8.074,2","607,27K","-0,57%"
"19/11/2019","8.145,7","8.207,7","8.245,6","8.032,8","654,27K","-0,76%"
"18/11/2019","8.208,4","8.510,3","8.516,3","8.110,4","692,60K","-3,54%"
"17/11/2019","8.509,8","8.497,4","8.631,7","8.413,0","531,22K","0,15%"
"16/11/2019","8.497,3","8.476,2","8.532,8","8.450,7","471,16K","0,25%"
"15/11/2019","8.476,3","8.660,8","8.761,8","8.437,1","653,71K","-2,13%"
"14/11/2019","8.661,2","8.782,9","8.799,8","8.615,8","515,43K","-1,39%"
"13/11/2019","8.783,1","8.813,2","8.829,7","8.721,1","454,33K","-0,33%"
"12/11/2019","8.812,6","8.737,4","8.841,2","8.615,7","575,16K","0,87%"
"11/11/2019","8.736,9","9.036,9","9.066,4","8.649,4","601,16K","-3,32%"
"10/11/2019","9.036,8","8.804,7","9.092,9","8.763,5","581,57K","2,64%"
"09/11/2019","8.804,5","8.778,1","8.877,5","8.746,9","512,02K","0,30%"
"08/11/2019","8.778,2","9.223,6","9.254,8","8.722,4","791,79K","-4,83%"
"07/11/2019","9.223,5","9.339,2","9.367,0","9.130,0","603,54K","-1,24%"
"06/11/2019","9.338,9","9.311,2","9.424,6","9.262,7","578,03K","0,30%"
"05/11/2019","9.310,8","9.396,1","9.452,7","9.193,9","653,42K","-0,91%"
"04/11/2019","9.396,4","9.198,7","9.500,4","9.134,1","681,01K","2,15%"
"03/11/2019","9.198,3","9.300,5","9.359,1","9.095,0","536,56K","-1,10%"
"02/11/2019","9.300,6","9.230,3","9.356,7","9.201,2","570,74K","0,76%"
"01/11/2019","9.230,1","9.153,1","9.270,4","9.057,2","689,65K","0,85%"
"31/10/2019","9.152,6","9.157,9","9.378,9","8.959,6","798,93K","-0,06%"
"30/10/2019","9.157,9","9.411,3","9.411,3","9.018,4","789,73K","-2,69%"
"29/10/2019","9.411,3","9.206,5","9.531,3","9.125,3","918,48K","2,22%"
"28/10/2019","9.207,2","9.530,1","9.866,9","9.202,5","1,04M","-3,38%"
"27/10/2019","9.529,6","9.230,6","9.773,2","9.081,0","1,16M","3,24%"
"26/10/2019","9.230,6","8.658,4","10.540,0","8.061,8","1,78M","6,61%"
"25/10/2019","8.658,3","7.422,8","8.697,7","7.404,9","1,18M","16,65%"
"24/10/2019","7.422,7","7.476,8","7.501,5","7.366,3","586,49K","-0,73%"
"23/10/2019","7.477,0","8.031,0","8.055,0","7.329,2","892,08K","-6,90%"
"22/10/2019","8.031,4","8.207,4","8.289,1","8.017,7","570,39K","-2,15%"
"21/10/2019","8.208,2","8.224,1","8.315,3","8.155,7","489,40K","-0,18%"
"20/10/2019","8.223,4","7.957,4","8.288,5","7.889,6","513,91K","3,34%"
"19/10/2019","7.957,3","7.948,3","8.060,2","7.892,4","428,83K","0,11%"
"18/10/2019","7.948,5","8.073,3","8.116,4","7.842,0","505,79K","-1,55%"
"17/10/2019","8.073,3","8.000,4","8.118,2","7.944,4","444,95K","0,91%"
"16/10/2019","8.000,4","8.167,1","8.185,9","7.929,8","538,92K","-2,04%"
"15/10/2019","8.167,2","8.353,4","8.400,2","8.139,5","469,73K","-2,23%"
"14/10/2019","8.353,3","8.281,3","8.374,3","8.222,2","505,02K","0,87%"
"13/10/2019","8.281,5","8.304,3","8.450,2","8.190,6","419,87K","-0,28%"
"12/10/2019","8.304,4","8.267,6","8.394,8","8.260,9","424,02K","0,44%"
"11/10/2019","8.267,8","8.562,2","8.751,1","8.249,7","667,86K","-3,44%"
"10/10/2019","8.562,3","8.566,8","8.638,5","8.438,7","511,46K","-0,05%"
"09/10/2019","8.566,7","8.180,1","8.655,9","8.122,7","636,43K","4,69%"
"08/10/2019","8.182,9","8.198,5","8.323,1","8.118,1","469,04K","-0,19%"
"07/10/2019","8.198,6","7.882,6","8.293,5","7.797,0","604,74K","4,02%"
"06/10/2019","7.881,9","8.127,3","8.145,5","7.834,9","448,80K","-3,02%"
"05/10/2019","8.127,3","8.148,0","8.185,1","8.030,6","360,92K","-0,25%"
"04/10/2019","8.148,1","8.227,6","8.233,6","8.041,4","416,92K","-0,96%"
"03/10/2019","8.226,9","8.363,6","8.391,7","8.090,1","460,97K","-1,64%"
"02/10/2019","8.364,1","8.302,7","8.374,0","8.167,7","405,86K","0,74%"
"01/10/2019","8.302,7","8.285,0","8.486,2","8.187,9","533,95K","0,22%"
"30/09/2019","8.284,3","8.048,9","8.318,5","7.749,0","600,26K","2,92%"
"29/09/2019","8.049,1","8.208,0","8.226,8","7.922,1","418,48K","-1,94%"
"28/09/2019","8.208,5","8.184,5","8.297,2","8.031,1","457,79K","0,29%"
"27/09/2019","8.184,9","8.063,8","8.257,4","7.882,1","561,40K","1,50%"
"26/09/2019","8.063,8","8.432,5","8.463,1","7.773,6","731,03K","-4,37%"
"25/09/2019","8.432,4","8.512,3","8.729,8","8.245,1","696,11K","-0,96%"
"24/09/2019","8.513,9","9.702,7","9.793,8","8.069,4","933,16K","-12,25%"
"23/09/2019","9.702,2","10.031,3","10.048,8","9.656,3","431,10K","-3,28%"
"22/09/2019","10.031,6","9.993,0","10.075,0","9.870,9","337,06K","0,39%"
"21/09/2019","9.993,0","10.172,8","10.177,9","9.939,8","326,17K","-1,77%"
"20/09/2019","10.172,7","10.251,5","10.279,5","10.088,6","362,07K","-0,76%"
"19/09/2019","10.250,5","10.164,6","10.297,6","9.707,6","542,25K","0,84%"
"18/09/2019","10.164,7","10.195,7","10.257,5","10.119,3","318,82K","-0,30%"
"17/09/2019","10.195,7","10.254,6","10.273,6","10.153,5","321,64K","-0,58%"
"16/09/2019","10.255,5","10.311,3","10.360,5","10.108,5","372,53K","-0,54%"
"15/09/2019","10.311,5","10.337,3","10.360,4","10.272,0","255,79K","-0,25%"
"14/09/2019","10.337,3","10.342,2","10.421,4","10.253,7","326,44K","-0,05%"
"13/09/2019","10.342,1","10.415,2","10.441,4","10.174,1","365,52K","-0,70%"
"12/09/2019","10.415,1","10.162,4","10.447,9","10.051,0","413,22K","2,49%"
"11/09/2019","10.162,5","10.104,9","10.257,5","9.908,9","413,06K","0,57%"
"10/09/2019","10.105,4","10.308,7","10.379,8","9.970,7","383,22K","-1,98%"
"09/09/2019","10.309,0","10.402,1","10.478,0","10.095,7","473,76K","-0,90%"
"08/09/2019","10.402,8","10.461,6","10.578,0","10.266,3","339,73K","-0,56%"
"07/09/2019","10.461,1","10.306,9","10.556,4","10.302,3","393,57K","1,47%"
"06/09/2019","10.309,3","10.566,7","10.896,2","10.227,4","643,02K","-2,44%"
"05/09/2019","10.566,9","10.567,8","10.630,7","10.469,9","402,09K","-0,01%"
"04/09/2019","10.568,2","10.611,6","10.783,6","10.388,6","504,45K","-0,42%"
"03/09/2019","10.612,3","10.348,1","10.756,8","10.283,5","578,79K","2,55%"
"02/09/2019","10.348,8","9.728,8","10.431,5","9.720,3","542,79K","6,37%"
"01/09/2019","9.729,3","9.594,7","9.799,5","9.533,6","322,66K","1,41%"
"31/08/2019","9.594,4","9.585,5","9.677,5","9.457,3","311,49K","0,09%"
"30/08/2019","9.585,4","9.494,1","9.675,7","9.370,2","413,92K","0,99%"
"29/08/2019","9.491,0","9.729,1","9.729,1","9.343,0","509,13K","-2,45%"
"28/08/2019","9.729,4","10.184,7","10.271,3","9.629,6","580,29K","-4,47%"
"27/08/2019","10.184,8","10.372,2","10.387,6","10.060,2","419,81K","-1,80%"
"26/08/2019","10.371,8","10.136,0","10.568,2","10.136,0","568,77K","2,32%"
"25/08/2019","10.136,3","10.132,1","10.307,0","9.935,2","422,53K","0,05%"
"24/08/2019","10.131,0","10.389,4","10.415,9","9.917,5","463,85K","-2,48%"
"23/08/2019","10.388,7","10.104,9","10.434,3","9.921,4","436,26K","2,81%"
"22/08/2019","10.105,0","10.141,1","10.218,2","9.777,0","520,75K","-0,36%"
"21/08/2019","10.141,5","10.753,3","10.797,8","9.908,0","717,65K","-5,68%"
"20/08/2019","10.752,6","10.911,2","10.941,6","10.581,0","515,47K","-1,45%"
"19/08/2019","10.910,7","10.312,8","10.923,9","10.267,8","519,01K","5,80%"
"18/08/2019","10.312,7","10.219,3","10.494,9","10.086,7","441,11K","0,93%"
"17/08/2019","10.218,1","10.335,5","10.460,7","10.016,3","497,77K","-1,14%"
"16/08/2019","10.335,6","10.300,9","10.734,0","9.788,6","798,67K","0,31%"
"15/08/2019","10.303,4","10.053,3","10.448,2","9.580,1","930,05K","2,53%"
"14/08/2019","10.049,4","10.894,2","10.894,5","9.965,5","745,59K","-7,74%"
"13/08/2019","10.892,9","11.395,0","11.445,6","10.793,2","540,78K","-4,40%"
"12/08/2019","11.394,2","11.505,1","11.508,6","11.267,3","391,08K","-1,07%"
"11/08/2019","11.517,2","11.314,6","11.728,4","11.146,1","435,83K","1,79%"
"10/08/2019","11.314,5","12.090,5","12.185,0","11.281,6","570,74K","-6,41%"
"09/08/2019","12.089,8","12.190,0","12.225,3","11.885,0","558,72K","-0,84%"
"08/08/2019","12.191,6","12.015,9","12.236,6","11.727,0","592,15K","1,48%"
"07/08/2019","12.013,9","11.481,0","12.114,5","11.406,4","702,85K","4,64%"
"06/08/2019","11.480,9","11.817,6","12.291,9","11.237,0","807,58K","-2,84%"
"05/08/2019","11.816,8","10.934,8","11.922,3","10.934,8","769,63K","8,07%"
"04/08/2019","10.934,6","10.816,1","11.017,7","10.568,8","585,71K","1,10%"
"03/08/2019","10.815,7","10.519,9","10.893,6","10.504,5","508,75K","2,81%"
"02/08/2019","10.520,1","10.380,5","10.664,8","10.330,5","578,29K","1,35%"
"01/08/2019","10.380,0","10.081,9","10.459,0","9.890,6","608,37K","2,96%"
"31/07/2019","10.082,0","9.580,3","10.100,0","9.562,4","589,84K","5,23%"
"30/07/2019","9.580,7","9.580,0","9.703,0","9.483,0","511,51K","-0,00%"
"29/07/2019","9.580,9","9.728,5","9.835,4","9.502,5","510,90K","-1,51%"
"28/07/2019","9.727,8","9.491,1","9.798,5","9.401,1","518,59K","2,48%"
"27/07/2019","9.492,1","9.830,4","10.232,3","9.389,1","661,89K","-3,45%"
"26/07/2019","9.831,0","9.945,2","10.436,1","9.724,2","493,75K","-1,15%"
"25/07/2019","9.945,3","9.804,7","10.203,5","9.776,6","545,85K","1,44%"
"24/07/2019","9.804,3","9.887,2","9.945,3","9.584,0","639,54K","-0,85%"
"23/07/2019","9.888,7","10.412,8","10.414,7","9.865,4","663,38K","-5,03%"
"22/07/2019","10.412,5","10.715,1","10.806,3","10.196,5","591,27K","-2,82%"
"21/07/2019","10.714,4","10.827,0","10.883,8","10.442,5","562,17K","-1,04%"
"20/07/2019","10.826,7","10.571,9","11.155,6","10.462,0","668,94K","2,41%"
"19/07/2019","10.571,5","10.651,6","10.758,4","10.160,7","727,79K","-0,75%"
"18/07/2019","10.651,4","9.723,1","10.787,1","9.390,0","974,49K","9,55%"
"17/07/2019","9.723,2","9.425,1","9.983,6","9.082,6","1,03M","3,17%"
"16/07/2019","9.424,8","10.844,0","11.019,5","9.375,3","1,05M","-13,10%"
"15/07/2019","10.845,9","10.199,9","11.064,7","9.885,4","956,52K","6,33%"
"14/07/2019","10.200,1","11.364,3","11.448,7","10.128,9","840,76K","-10,25%"
"13/07/2019","11.364,9","11.762,8","11.798,4","10.839,4","747,71K","-3,38%"
"12/07/2019","11.762,1","11.343,7","11.881,4","11.109,8","738,17K","3,70%"
"11/07/2019","11.342,3","12.111,6","12.111,6","11.029,0","943,13K","-6,34%"
"10/07/2019","12.110,6","12.542,8","13.134,4","11.594,9","1,11M","-3,44%"
"09/07/2019","12.541,5","12.250,6","12.772,9","12.111,2","847,84K","2,36%"
"08/07/2019","12.252,6","11.415,8","12.332,3","11.304,8","695,60K","7,33%"
"07/07/2019","11.415,9","11.267,9","11.524,6","11.108,1","601,93K","1,31%"
"06/07/2019","11.268,0","10.969,8","11.650,2","10.967,9","688,96K","2,71%"
"05/07/2019","10.970,2","11.159,7","11.381,8","10.810,3","772,67K","-1,73%"
"04/07/2019","11.163,1","11.899,3","11.948,0","11.087,1","840,34K","-6,20%"
"03/07/2019","11.900,8","10.835,9","11.931,8","10.835,9","998,73K","9,83%"
"02/07/2019","10.835,9","10.615,5","10.923,5","9.728,5","1,12M","2,07%"
"01/07/2019","10.616,6","10.821,4","11.254,5","10.041,6","1,04M","-1,87%"
"30/06/2019","10.818,6","11.906,0","12.179,3","10.765,4","880,77K","-9,14%"
"29/06/2019","11.906,5","12.408,0","12.422,9","11.490,8","834,62K","-4,05%"
"28/06/2019","12.409,1","11.288,4","12.461,8","10.970,5","1,09M","9,93%"
"27/06/2019","11.287,8","13.062,4","13.422,0","10.493,5","1,59M","-13,59%"
"26/06/2019","13.063,8","11.811,6","13.929,8","11.747,3","1,48M","10,62%"
"25/06/2019","11.809,9","11.046,6","11.833,9","11.033,7","781,09K","6,91%"
"24/06/2019","11.046,4","10.897,3","11.114,4","10.622,6","566,96K","1,37%"
"23/06/2019","10.897,1","10.721,5","11.361,3","10.557,8","683,79K","1,64%"
"22/06/2019","10.721,7","10.178,1","11.160,5","10.031,3","1,09M","5,33%"
"21/06/2019","10.179,3","9.517,7","10.184,3","9.517,4","769,12K","6,96%"
"20/06/2019","9.517,0","9.255,0","9.583,9","9.188,4","693,62K","2,83%"
"19/06/2019","9.255,4","9.080,7","9.295,1","9.044,0","587,57K","1,93%"
"18/06/2019","9.080,6","9.318,9","9.336,1","8.962,7","723,17K","-2,56%"
"17/06/2019","9.318,8","8.961,0","9.438,1","8.959,8","738,80K","3,98%"
"16/06/2019","8.962,5","8.812,2","9.332,0","8.771,1","849,77K","1,70%"
"15/06/2019","8.812,5","8.655,8","8.856,7","8.582,3","608,69K","1,81%"
"14/06/2019","8.656,1","8.218,6","8.685,3","8.153,2","643,17K","5,32%"
"13/06/2019","8.219,0","8.132,4","8.306,1","8.028,6","574,21K","1,06%"
"12/06/2019","8.133,1","7.888,0","8.198,1","7.805,8","607,89K","3,11%"
"11/06/2019","7.888,0","7.987,8","8.010,4","7.714,5","579,00K","-1,25%"
"10/06/2019","7.987,8","7.635,0","8.012,8","7.523,6","641,38K","4,62%"
"09/06/2019","7.635,0","7.901,6","7.937,5","7.516,9","554,48K","-3,37%"
"08/06/2019","7.901,4","7.985,3","8.044,4","7.770,5","485,81K","-1,05%"
"07/06/2019","7.985,2","7.785,8","8.099,4","7.749,4","588,87K","2,57%"
"06/06/2019","7.784,9","7.779,6","7.861,4","7.480,4","651,82K","0,08%"
"05/06/2019","7.779,1","7.685,6","7.885,0","7.590,4","762,94K","1,22%"
"04/06/2019","7.685,5","8.118,1","8.118,1","7.494,0","966,95K","-5,41%"
"03/06/2019","8.124,8","8.728,6","8.734,9","8.102,7","739,45K","-6,92%"
"02/06/2019","8.728,6","8.545,8","8.807,7","8.534,8","614,54K","2,14%"
"01/06/2019","8.545,7","8.556,9","8.615,8","8.454,0","686,75K","-0,15%"
"31/05/2019","8.558,3","8.271,4","8.578,8","8.135,0","858,41K","3,46%"
"30/05/2019","8.271,9","8.647,8","9.045,9","8.054,7","1,04M","-4,35%"
"29/05/2019","8.647,8","8.715,6","8.747,2","8.435,3","15,43M","-0,79%"
"28/05/2019","8.716,3","8.759,4","8.794,1","8.568,8","763,20K","-0,50%"
"27/05/2019","8.760,1","8.628,9","8.902,8","8.607,3","907,96K","1,51%"
"26/05/2019","8.630,2","8.029,6","8.718,6","7.866,5","872,12K","7,51%"
"25/05/2019","8.027,4","7.971,4","8.090,1","7.919,1","691,27K","0,72%"
"24/05/2019","7.970,1","7.852,8","8.124,1","7.775,4","868,47K","1,50%"
"23/05/2019","7.852,1","7.637,2","7.939,1","7.486,8","815,14K","2,83%"
"22/05/2019","7.635,7","7.928,7","7.999,0","7.545,9","821,40K","-3,72%"
"21/05/2019","7.930,3","7.965,0","8.056,8","7.813,2","804,88K","-0,44%"
"20/05/2019","7.965,3","8.156,4","8.156,4","7.604,0","958,81K","-2,35%"
"19/05/2019","8.157,2","7.261,9","8.253,4","7.252,3","1,08M","12,32%"
"18/05/2019","7.262,6","7.359,9","7.458,5","7.189,4","865,53K","-1,32%"
"17/05/2019","7.359,5","7.871,9","7.924,0","6.998,6","1,43M","-6,51%"
"16/05/2019","7.871,8","8.164,8","8.293,3","7.720,4","1,18M","-3,59%"
"15/05/2019","8.164,6","7.994,8","8.225,3","7.856,5","1,13M","2,13%"
"14/05/2019","7.994,6","7.806,4","8.323,9","7.674,0","1,33M","2,42%"
"13/05/2019","7.806,0","6.984,7","8.058,3","6.893,1","1,20M","11,76%"
"12/05/2019","6.984,8","7.190,0","7.518,9","6.802,6","1,35M","-2,86%"
"11/05/2019","7.190,3","6.386,6","7.373,8","6.386,5","1,31M","12,59%"
"10/05/2019","6.386,0","6.194,3","6.466,6","6.157,8","907,94K","3,14%"
"09/05/2019","6.191,5","5.990,5","6.206,0","5.990,0","799,96K","3,36%"
"08/05/2019","5.990,3","5.849,4","6.011,3","5.799,1","757,13K","2,41%"
"07/05/2019","5.849,5","5.745,5","6.019,8","5.745,5","955,88K","1,82%"
"06/05/2019","5.745,1","5.775,1","5.801,4","5.630,5","755,39K","-0,52%"
"05/05/2019","5.774,9","5.830,8","5.838,2","5.708,2","709,02K","-0,96%"
"04/05/2019","5.830,9","5.768,0","5.899,2","5.605,0","920,61K","1,11%"
"03/05/2019","5.766,8","5.493,6","5.844,2","5.478,7","1,04M","4,97%"
"02/05/2019","5.493,8","5.384,6","5.530,8","5.370,0","722,23K","2,04%"
"01/05/2019","5.384,2","5.321,1","5.396,3","5.319,5","623,64K","1,19%"